,values
0,3
1,5
2,2
3,6
4,2
5,4
6,5
7,3
8,5
9,2
10,3
11,4
12,3
13,3
14,1
15,8
16,4
17,0
18,1
19,5
20,6
21,2
22,0
23,2
24,1
25,3
26,1
27,2
28,2
29,2
30,4
31,0
32,2
33,1
34,3
35,2
36,3
37,3
38,4
39,4
40,1
41,1
42,1
43,3
44,2
45,2
46,4
47,3
48,1
49,2
50,3
51,1
52,5
53,1
54,2
55,0
56,5
57,2
58,2
59,1
60,5
61,3
62,0
63,2
64,4
65,2
66,2
67,7
68,6
69,2
70,3
71,1
72,1
73,3
74,1
75,1
76,0
77,1
78,0
79,4
80,6
81,2
82,4
83,3
84,1
85,2
86,1
87,0
88,2
89,0
90,4
91,5
92,2
93,3
94,2
95,2
96,3
97,5
98,2
99,0
100,0
101,1
102,2
103,2
104,2
105,2
106,3
107,3
108,2
109,0
110,3
111,3
112,2
113,2
114,3
115,6
116,2
117,4
118,2
119,1
120,4
121,2
122,5
123,5
124,5
125,1
126,2
127,1
128,6
129,4
130,0
131,1
132,3
133,5
134,4
135,5
136,3
137,7
138,2
139,2
140,1
141,0
142,3
143,0
144,3
145,1
146,3
147,0
148,5
149,3
150,4
151,3
152,6
153,1
154,5
155,7
156,4
157,2
158,5
159,0
160,2
161,2
162,4
163,2
164,1
165,1
166,0
167,1
168,0
169,2
170,1
171,4
172,2
173,6
174,2
175,1
176,2
177,2
178,1
179,1
180,1
181,2
182,3
183,2
184,3
185,0
186,4
187,0
188,2
189,2
190,7
191,2
192,2
193,2
194,2
195,0
196,3
197,2
198,4
199,2
200,2
201,2
202,2
203,4
204,3
205,0
206,6
207,2
208,1
209,3
210,1
211,1
212,3
213,0
214,1
215,4
216,7
217,0
218,1
219,2
220,6
221,0
222,3
223,2
224,2
225,4
226,3
227,1
228,2
229,5
230,1
231,4
232,1
233,3
234,4
235,1
236,1
237,4
238,3
239,1
240,3
241,6
242,1
243,7
244,5
245,3
246,1
247,7
248,1
249,3
250,2
251,0
252,2
253,1
254,5
255,5
256,1
257,2
258,1
259,2
260,4
261,5
262,2
263,2
264,4
265,0
266,2
267,0
268,4
269,5
270,2
271,2
272,1
273,1
274,1
275,4
276,4
277,4
278,1
279,1
280,2
281,2
282,2
283,1
284,6
285,2
286,1
287,4
288,4
289,1
290,1
291,3
292,3
293,1
294,7
295,8
296,1
297,3
298,3
299,2
300,1
301,3
302,4
303,2
304,3
305,3
306,2
307,1
308,4
309,1
310,1
311,2
312,4
313,3
314,1
315,4
316,1
317,4
318,0
319,2
320,3
321,4
322,0
323,6
324,5
325,5
326,1
327,0
328,1
329,3
330,3
331,3
332,2
333,0
334,1
335,5
336,1
337,2
338,5
339,1
340,3
341,2
342,2
343,0
344,1
345,1
346,1
347,0
348,1
349,0
350,5
351,1
352,1
353,4
354,0
355,2
356,1
357,4
358,2
359,4
360,5
361,1
362,3
363,4
364,2
365,0
366,1
367,1
368,1
369,1
370,1
371,2
372,1
373,4
374,6
375,2
376,3
377,2
378,3
379,2
380,2
381,0
382,0
383,1
384,1
385,1
386,2
387,0
388,1
389,5
390,5
391,2
392,1
393,3
394,1
395,2
396,0
397,3
398,0
399,0
400,7
401,0
402,3
403,1
404,2
405,2
406,4
407,2
408,1
409,3
410,4
411,0
412,3
413,4
414,2
415,4
416,1
417,5
418,0
419,2
420,3
421,3
422,0
423,1
424,1
425,4
426,2
427,2
428,4
429,2
430,1
431,2
432,0
433,2
434,5
435,1
436,2
437,5
438,3
439,4
440,2
441,5
442,1
443,2
444,3
445,0
446,5
447,2
448,2
449,1
450,3
451,6
452,8
453,1
454,3
455,2
456,2
457,2
458,2
459,5
460,2
461,1
462,2
463,1
464,2
465,2
466,5
467,3
468,2
469,4
470,4
471,1
472,2
473,4
474,3
475,2
476,4
477,1
478,4
479,5
480,2
481,2
482,3
483,2
484,0
485,8
486,4
487,2
488,5
489,2
490,5
491,6
492,1
493,2
494,1
495,3
496,1
497,3
498,4
499,2
500,0
501,2
502,1
503,4
504,2
505,1
506,1
507,2
508,3
509,4
510,2
511,2
512,1
513,4
514,1
515,3
516,2
517,2
518,1
519,0
520,6
521,2
522,1
523,3
524,4
525,2
526,1
527,0
528,5
529,4
530,2
531,3
532,4
533,0
534,0
535,1
536,1
537,3
538,4
539,3
540,2
541,4
542,4
543,1
544,4
545,4
546,5
547,5
548,1
549,0
550,0
551,0
552,1
553,3
554,2
555,6
556,2
557,5
558,2
559,0
560,0
561,3
562,5
563,1
564,2
565,5
566,6
567,0
568,3
569,2
570,0
571,2
572,2
573,2
574,4
575,5
576,3
577,4
578,1
579,2
580,2
581,1
582,3
583,1
584,0
585,2
586,3
587,0
588,3
589,1
590,2
591,1
592,3
593,2
594,2
595,5
596,4
597,2
598,0
599,1
600,3
601,2
602,1
603,0
604,0
605,6
606,0
607,1
608,1
609,2
610,4
611,2
612,3
613,3
614,7
615,3
616,3
617,6
618,7
619,1
620,1
621,2
622,1
623,2
624,1
625,2
626,2
627,1
628,3
629,3
630,5
631,2
632,2
633,2
634,2
635,0
636,3
637,1
638,0
639,1
640,1
641,9
642,5
643,0
644,2
645,5
646,1
647,1
648,5
649,2
650,1
651,0
652,2
653,5
654,2
655,2
656,1
657,2
658,4
659,6
660,4
661,3
662,5
663,4
664,6
665,2
666,3
667,2
668,1
669,2
670,1
671,5
672,4
673,0
674,2
675,6
676,1
677,5
678,2
679,2
680,1
681,5
682,3
683,1
684,4
685,4
686,3
687,1
688,4
689,1
690,1
691,0
692,3
693,3
694,3
695,0
696,2
697,8
698,0
699,3
700,3
701,1
702,2
703,4
704,2
705,2
706,2
707,7
708,1
709,1
710,1
711,1
712,2
713,5
714,1
715,1
716,1
717,4
718,1
719,5
720,1
721,3
722,0
723,3
724,2
725,5
726,1
727,3
728,1
729,3
730,6
731,1
732,2
733,2
734,2
735,3
736,5
737,6
738,5
739,1
740,3
741,3
742,4
743,0
744,2
745,8
746,0
747,4
748,2
749,3
750,3
751,1
752,4
753,2
754,2
755,2
756,0
757,6
758,3
759,2
760,3
761,3
762,1
763,1
764,1
765,0
766,2
767,1
768,1
769,1
770,1
771,1
772,2
773,1
774,1
775,2
776,4
777,2
778,1
779,4
780,2
781,3
782,2
783,6
784,1
785,1
786,0
787,2
788,7
789,4
790,2
791,3
792,4
793,1
794,5
795,1
796,3
797,0
798,3
799,3
800,0
801,2
802,2
803,0
804,4
805,3
806,2
807,3
808,2
809,2
810,2
811,4
812,8
813,1
814,4
815,1
816,1
817,5
818,2
819,1
820,0
821,1
822,2
823,2
824,2
825,4
826,4
827,2
828,0
829,5
830,2
831,3
832,2
833,1
834,3
835,0
836,2
837,0
838,2
839,4
840,2
841,3
842,0
843,6
844,0
845,3
846,0
847,2
848,4
849,5
850,5
851,1
852,2
853,6
854,1
855,2
856,4
857,4
858,3
859,2
860,3
861,1
862,1
863,1
864,1
865,2
866,2
867,4
868,4
869,3
870,3
871,3
872,1
873,4
874,2
875,4
876,0
877,3
878,2
879,0
880,0
881,2
882,2
883,2
884,2
885,2
886,3
887,0
888,3
889,0
890,2
891,4
892,2
893,4
894,7
895,2
896,0
897,1
898,0
899,0
900,3
901,3
902,1
903,1
904,9
905,2
906,4
907,3
908,2
909,2
910,2
911,1
912,2
913,1
914,7
915,2
916,6
917,5
918,3
919,3
920,3
921,1
922,4
923,2
924,2
925,3
926,0
927,0
928,1
929,8
930,1
931,5
932,2
933,1
934,3
935,7
936,2
937,3
938,3
939,0
940,2
941,5
942,1
943,2
944,0
945,2
946,2
947,1
948,1
949,5
950,2
951,2
952,4
953,5
954,4
955,5
956,3
957,4
958,2
959,3
960,1
961,1
962,1
963,0
964,2
965,5
966,3
967,2
968,2
969,5
970,0
971,2
972,8
973,0
974,2
975,6
976,6
977,4
978,4
979,0
980,3
981,1
982,5
983,0
984,1
985,2
986,4
987,3
988,3
989,0
990,6
991,0
992,3
993,1
994,3
995,0
996,0
997,0
998,1
999,6
1000,4
1001,2
1002,0
1003,4
1004,4
1005,2
1006,1
1007,9
1008,1
1009,2
1010,1
1011,2
1012,1
1013,1
1014,2
1015,3
1016,1
1017,1
1018,4
1019,1
1020,0
1021,4
1022,0
1023,3
1024,0
1025,4
1026,3
1027,3
1028,1
1029,2
1030,0
1031,5
1032,3
1033,2
1034,4
1035,2
1036,2
1037,6
1038,2
1039,2
1040,1
1041,1
1042,5
1043,2
1044,3
1045,1
1046,4
1047,2
1048,1
1049,2
1050,0
1051,2
1052,6
1053,1
1054,5
1055,4
1056,2
1057,5
1058,2
1059,5
1060,4
1061,6
1062,3
1063,1
1064,5
1065,0
1066,1
1067,6
1068,2
1069,0
1070,1
1071,1
1072,2
1073,1
1074,3
1075,1
1076,5
1077,1
1078,3
1079,0
1080,2
1081,3
1082,2
1083,1
1084,0
1085,2
1086,2
1087,3
1088,0
1089,3
1090,1
1091,3
1092,4
1093,6
1094,2
1095,2
1096,2
1097,2
1098,2
1099,3
1100,6
1101,4
1102,2
1103,4
1104,0
1105,0
1106,4
1107,1
1108,6
1109,2
1110,2
1111,4
1112,0
1113,1
1114,4
1115,2
1116,5
1117,1
1118,0
1119,4
1120,3
1121,3
1122,4
1123,2
1124,4
1125,2
1126,7
1127,4
1128,2
1129,3
1130,0
1131,1
1132,1
1133,3
1134,4
1135,1
1136,2
1137,1
1138,3
1139,3
1140,1
1141,0
1142,7
1143,1
1144,4
1145,4
1146,2
1147,1
1148,3
1149,3
1150,1
1151,1
1152,1
1153,3
1154,5
1155,3
1156,2
1157,1
1158,3
1159,1
1160,1
1161,1
1162,2
1163,3
1164,2
1165,3
1166,1
1167,4
1168,1
1169,3
1170,3
1171,1
1172,3
1173,3
1174,2
1175,2
1176,3
1177,6
1178,2
1179,5
1180,1
1181,3
1182,1
1183,0
1184,0
1185,0
1186,1
1187,0
1188,2
1189,0
1190,1
1191,3
1192,3
1193,5
1194,4
1195,0
1196,9
1197,2
1198,3
1199,1
1200,4
1201,6
1202,2
1203,0
1204,2
1205,2
1206,3
1207,2
1208,2
1209,3
1210,1
1211,2
1212,3
1213,5
1214,3
1215,2
1216,3
1217,3
1218,1
1219,4
1220,4
1221,1
1222,5
1223,1
1224,3
1225,3
1226,3
1227,0
1228,2
1229,4
1230,2
1231,1
1232,1
1233,3
1234,5
1235,5
1236,2
1237,2
1238,5
1239,3
1240,4
1241,1
1242,4
1243,5
1244,0
1245,4
1246,3
1247,4
1248,4
1249,0
1250,7
1251,3
1252,5
1253,1
1254,2
1255,3
1256,3
1257,2
1258,3
1259,2
1260,3
1261,2
1262,1
1263,3
1264,4
1265,4
1266,3
1267,1
1268,5
1269,3
1270,3
1271,2
1272,3
1273,1
1274,3
1275,1
1276,6
1277,1
1278,1
1279,1
1280,0
1281,1
1282,5
1283,4
1284,2
1285,2
1286,1
1287,3
1288,2
1289,2
1290,1
1291,1
1292,3
1293,3
1294,2
1295,6
1296,3
1297,0
1298,1
1299,2
1300,1
1301,3
1302,1
1303,2
1304,4
1305,3
1306,0
1307,3
1308,2
1309,0
1310,1
1311,1
1312,0
1313,5
1314,1
1315,6
1316,3
1317,1
1318,5
1319,2
1320,5
1321,4
1322,4
1323,4
1324,1
1325,4
1326,1
1327,1
1328,1
1329,2
1330,1
1331,4
1332,2
1333,4
1334,4
1335,4
1336,4
1337,0
1338,1
1339,8
1340,3
1341,3
1342,5
1343,1
1344,4
1345,2
1346,3
1347,3
1348,4
1349,0
1350,2
1351,1
1352,3
1353,1
1354,0
1355,4
1356,2
1357,0
1358,2
1359,2
1360,6
1361,2
1362,2
1363,4
1364,1
1365,1
1366,0
1367,1
1368,1
1369,1
1370,2
1371,4
1372,2
1373,1
1374,0
1375,1
1376,4
1377,2
1378,2
1379,3
1380,7
1381,1
1382,4
1383,3
1384,4
1385,4
1386,5
1387,2
1388,3
1389,4
1390,0
1391,1
1392,2
1393,3
1394,1
1395,4
1396,5
1397,1
1398,1
1399,3
1400,5
1401,2
1402,2
1403,5
1404,3
1405,3
1406,3
1407,1
1408,4
1409,6
1410,7
1411,1
1412,3
1413,2
1414,3
1415,3
1416,1
1417,4
1418,2
1419,5
1420,2
1421,1
1422,4
1423,2
1424,1
1425,3
1426,4
1427,2
1428,5
1429,2
1430,1
1431,2
1432,0
1433,4
1434,5
1435,6
1436,1
1437,3
1438,1
1439,2
1440,2
1441,1
1442,0
1443,1
1444,0
1445,7
1446,7
1447,3
1448,1
1449,6
1450,3
1451,5
1452,0
1453,0
1454,2
1455,5
1456,3
1457,7
1458,2
1459,11
1460,3
1461,5
1462,2
1463,3
1464,6
1465,2
1466,5
1467,4
1468,3
1469,0
1470,1
1471,2
1472,2
1473,0
1474,0
1475,2
1476,3
1477,4
1478,0
1479,3
1480,2
1481,6
1482,4
1483,7
1484,0
1485,1
1486,2
1487,2
1488,4
1489,1
1490,1
1491,2
1492,2
1493,9
1494,2
1495,3
1496,1
1497,8
1498,3
1499,3
1500,2
1501,1
1502,3
1503,4
1504,7
1505,1
1506,5
1507,5
1508,1
1509,3
1510,1
1511,0
1512,2
1513,0
1514,5
1515,4
1516,1
1517,1
1518,2
1519,4
1520,1
1521,1
1522,4
1523,1
1524,3
1525,1
1526,6
1527,1
1528,1
1529,2
1530,1
1531,4
1532,2
1533,1
1534,1
1535,3
1536,2
1537,1
1538,3
1539,1
1540,5
1541,4
1542,1
1543,3
1544,4
1545,3
1546,1
1547,3
1548,3
1549,1
1550,4
1551,1
1552,2
1553,2
1554,8
1555,0
1556,4
1557,1
1558,2
1559,3
1560,1
1561,5
1562,1
1563,0
1564,4
1565,3
1566,5
1567,4
1568,4
1569,0
1570,2
1571,0
1572,0
1573,1
1574,3
1575,2
1576,6
1577,4
1578,2
1579,4
1580,2
1581,2
1582,0
1583,3
1584,3
1585,3
1586,6
1587,4
1588,2
1589,4
1590,4
1591,2
1592,2
1593,2
1594,6
1595,5
1596,2
1597,4
1598,1
1599,4
1600,2
1601,3
1602,1
1603,2
1604,1
1605,3
1606,4
1607,3
1608,0
1609,3
1610,2
1611,5
1612,2
1613,5
1614,1
1615,2
1616,1
1617,2
1618,3
1619,7
1620,3
1621,1
1622,1
1623,2
1624,3
1625,4
1626,4
1627,3
1628,5
1629,2
1630,5
1631,3
1632,6
1633,1
1634,3
1635,1
1636,3
1637,1
1638,1
1639,0
1640,3
1641,2
1642,1
1643,3
1644,2
1645,5
1646,4
1647,0
1648,1
1649,2
1650,2
1651,1
1652,8
1653,3
1654,3
1655,1
1656,5
1657,2
1658,3
1659,3
1660,4
1661,4
1662,2
1663,3
1664,1
1665,3
1666,0
1667,5
1668,4
1669,2
1670,1
1671,2
1672,3
1673,0
1674,0
1675,2
1676,2
1677,4
1678,2
1679,4
1680,1
1681,7
1682,3
1683,5
1684,2
1685,0
1686,4
1687,4
1688,2
1689,3
1690,2
1691,2
1692,3
1693,3
1694,1
1695,1
1696,0
1697,3
1698,4
1699,0
1700,4
1701,3
1702,2
1703,3
1704,0
1705,1
1706,1
1707,3
1708,1
1709,2
1710,2
1711,1
1712,1
1713,0
1714,3
1715,3
1716,3
1717,2
1718,0
1719,2
1720,1
1721,1
1722,1
1723,3
1724,2
1725,6
1726,1
1727,2
1728,3
1729,1
1730,3
1731,2
1732,1
1733,0
1734,1
1735,2
1736,2
1737,2
1738,2
1739,0
1740,5
1741,4
1742,3
1743,2
1744,2
1745,3
1746,1
1747,4
1748,2
1749,0
1750,0
1751,1
1752,0
1753,1
1754,2
1755,0
1756,1
1757,9
1758,0
1759,0
1760,1
1761,3
1762,0
1763,2
1764,4
1765,4
1766,1
1767,1
1768,0
1769,3
1770,1
1771,0
1772,2
1773,3
1774,1
1775,3
1776,2
1777,4
1778,1
1779,4
1780,0
1781,1
1782,3
1783,4
1784,4
1785,2
1786,3
1787,4
1788,2
1789,5
1790,2
1791,0
1792,4
1793,2
1794,6
1795,1
1796,3
1797,3
1798,5
1799,4
1800,1
1801,1
1802,3
1803,2
1804,2
1805,2
1806,3
1807,0
1808,2
1809,0
1810,2
1811,4
1812,0
1813,6
1814,3
1815,0
1816,0
1817,3
1818,2
1819,2
1820,1
1821,4
1822,2
1823,3
1824,4
1825,2
1826,4
1827,4
1828,4
1829,1
1830,2
1831,1
1832,6
1833,6
1834,4
1835,3
1836,0
1837,0
1838,6
1839,2
1840,2
1841,4
1842,0
1843,5
1844,3
1845,1
1846,6
1847,0
1848,5
1849,3
1850,1
1851,1
1852,2
1853,3
1854,2
1855,3
1856,4
1857,1
1858,2
1859,4
1860,2
1861,2
1862,6
1863,0
1864,4
1865,7
1866,1
1867,6
1868,1
1869,2
1870,4
1871,4
1872,5
1873,1
1874,3
1875,1
1876,5
1877,4
1878,4
1879,2
1880,0
1881,2
1882,3
1883,2
1884,3
1885,2
1886,6
1887,4
1888,5
1889,1
1890,3
1891,2
1892,2
1893,0
1894,9
1895,1
1896,2
1897,4
1898,1
1899,1
1900,0
1901,6
1902,4
1903,2
1904,2
1905,1
1906,5
1907,8
1908,1
1909,2
1910,4
1911,3
1912,2
1913,4
1914,2
1915,2
1916,1
1917,2
1918,0
1919,4
1920,2
1921,4
1922,1
1923,2
1924,2
1925,4
1926,0
1927,4
1928,6
1929,2
1930,5
1931,3
1932,0
1933,4
1934,1
1935,0
1936,0
1937,5
1938,6
1939,1
1940,1
1941,2
1942,3
1943,2
1944,3
1945,4
1946,6
1947,3
1948,3
1949,2
1950,0
1951,1
1952,2
1953,0
1954,4
1955,3
1956,5
1957,1
1958,1
1959,3
1960,3
1961,2
1962,0
1963,0
1964,1
1965,2
1966,0
1967,0
1968,7
1969,0
1970,3
1971,4
1972,4
1973,2
1974,1
1975,4
1976,2
1977,1
1978,0
1979,2
1980,3
1981,3
1982,4
1983,1
1984,4
1985,4
1986,2
1987,0
1988,1
1989,1
1990,3
1991,1
1992,1
1993,4
1994,5
1995,2
1996,4
1997,1
1998,3
1999,2
2000,4
2001,2
2002,3
2003,4
2004,6
2005,2
2006,0
2007,6
2008,2
2009,0
2010,3
2011,2
2012,3
2013,2
2014,2
2015,2
2016,3
2017,3
2018,1
2019,2
2020,1
2021,5
2022,2
2023,1
2024,3
2025,8
2026,5
2027,2
2028,0
2029,0
2030,6
2031,3
2032,3
2033,2
2034,1
2035,2
2036,1
2037,0
2038,3
2039,5
2040,3
2041,6
2042,2
2043,3
2044,3
2045,1
2046,1
2047,2
2048,2
2049,4
2050,0
2051,2
2052,1
2053,0
2054,1
2055,5
2056,3
2057,2
2058,1
2059,0
2060,0
2061,5
2062,4
2063,4
2064,5
2065,3
2066,2
2067,1
2068,1
2069,3
2070,4
2071,0
2072,0
2073,4
2074,0
2075,4
2076,3
2077,1
2078,2
2079,2
2080,1
2081,4
2082,2
2083,5
2084,5
2085,1
2086,1
2087,4
2088,5
2089,6
2090,2
2091,4
2092,1
2093,1
2094,2
2095,5
2096,2
2097,0
2098,3
2099,1
2100,1
2101,5
2102,3
2103,2
2104,4
2105,3
2106,3
2107,2
2108,1
2109,0
2110,2
2111,1
2112,2
2113,4
2114,4
2115,2
2116,1
2117,5
2118,2
2119,2
2120,3
2121,0
2122,1
2123,3
2124,7
2125,4
2126,1
2127,3
2128,1
2129,1
2130,3
2131,1
2132,1
2133,4
2134,2
2135,3
2136,5
2137,0
2138,1
2139,5
2140,4
2141,1
2142,4
2143,4
2144,1
2145,3
2146,3
2147,1
2148,4
2149,0
2150,4
2151,1
2152,0
2153,0
2154,1
2155,3
2156,3
2157,2
2158,0
2159,1
2160,1
2161,2
2162,1
2163,4
2164,2
2165,4
2166,5
2167,6
2168,3
2169,5
2170,2
2171,0
2172,6
2173,3
2174,9
2175,1
2176,3
2177,0
2178,3
2179,3
2180,2
2181,0
2182,1
2183,3
2184,1
2185,0
2186,0
2187,3
2188,3
2189,2
2190,2
2191,0
2192,3
2193,4
2194,3
2195,2
2196,2
2197,2
2198,2
2199,0
2200,2
2201,0
2202,3
2203,0
2204,2
2205,1
2206,2
2207,1
2208,0
2209,2
2210,2
2211,2
2212,4
2213,2
2214,2
2215,3
2216,0
2217,3
2218,5
2219,2
2220,0
2221,2
2222,2
2223,2
2224,0
2225,3
2226,2
2227,1
2228,4
2229,3
2230,3
2231,0
2232,1
2233,3
2234,6
2235,3
2236,1
2237,2
2238,6
2239,5
2240,6
2241,1
2242,4
2243,2
2244,2
2245,3
2246,5
2247,4
2248,5
2249,3
2250,2
2251,0
2252,2
2253,4
2254,4
2255,5
2256,1
2257,2
2258,0
2259,2
2260,0
2261,2
2262,5
2263,4
2264,4
2265,3
2266,3
2267,1
2268,1
2269,1
2270,3
2271,2
2272,4
2273,1
2274,1
2275,3
2276,2
2277,0
2278,0
2279,2
2280,1
2281,2
2282,2
2283,2
2284,3
2285,3
2286,2
2287,4
2288,0
2289,3
2290,1
2291,9
2292,2
2293,3
2294,5
2295,1
2296,0
2297,2
2298,3
2299,2
2300,5
2301,1
2302,5
2303,2
2304,0
2305,5
2306,0
2307,2
2308,6
2309,1
2310,3
2311,8
2312,2
2313,1
2314,1
2315,1
2316,1
2317,2
2318,4
2319,0
2320,4
2321,0
2322,4
2323,6
2324,1
2325,7
2326,2
2327,2
2328,2
2329,2
2330,6
2331,1
2332,3
2333,2
2334,2
2335,3
2336,2
2337,1
2338,1
2339,1
2340,1
2341,2
2342,4
2343,2
2344,3
2345,3
2346,3
2347,4
2348,4
2349,5
2350,4
2351,3
2352,1
2353,5
2354,5
2355,4
2356,4
2357,4
2358,0
2359,4
2360,5
2361,1
2362,0
2363,2
2364,3
2365,1
2366,3
2367,6
2368,1
2369,6
2370,4
2371,7
2372,0
2373,0
2374,3
2375,4
2376,2
2377,0
2378,6
2379,3
2380,5
2381,2
2382,1
2383,2
2384,1
2385,3
2386,4
2387,1
2388,1
2389,3
2390,2
2391,3
2392,2
2393,1
2394,0
2395,4
2396,1
2397,1
2398,3
2399,0
2400,1
2401,2
2402,3
2403,0
2404,0
2405,6
2406,2
2407,0
2408,4
2409,4
2410,1
2411,2
2412,2
2413,1
2414,0
2415,3
2416,3
2417,0
2418,2
2419,1
2420,0
2421,7
2422,4
2423,3
2424,1
2425,0
2426,5
2427,1
2428,1
2429,3
2430,1
2431,0
2432,0
2433,1
2434,5
2435,1
2436,4
2437,5
2438,5
2439,2
2440,3
2441,1
2442,6
2443,2
2444,2
2445,1
2446,4
2447,2
2448,0
2449,2
2450,0
2451,2
2452,1
2453,3
2454,2
2455,0
2456,5
2457,5
2458,4
2459,3
2460,3
2461,2
2462,6
2463,5
2464,1
2465,3
2466,4
2467,4
2468,1
2469,7
2470,3
2471,1
2472,3
2473,2
2474,6
2475,1
2476,4
2477,2
2478,2
2479,1
2480,3
2481,0
2482,1
2483,4
2484,1
2485,5
2486,0
2487,7
2488,3
2489,1
2490,2
2491,1
2492,1
2493,2
2494,4
2495,6
2496,1
2497,3
2498,0
2499,1
2500,3
2501,1
2502,0
2503,4
2504,3
2505,2
2506,1
2507,4
2508,3
2509,4
2510,1
2511,3
2512,0
2513,0
2514,3
2515,3
2516,3
2517,6
2518,1
2519,0
2520,5
2521,3
2522,3
2523,7
2524,2
2525,0
2526,6
2527,2
2528,3
2529,2
2530,6
2531,1
2532,3
2533,5
2534,0
2535,4
2536,3
2537,2
2538,2
2539,4
2540,2
2541,3
2542,3
2543,1
2544,5
2545,3
2546,4
2547,2
2548,5
2549,4
2550,4
2551,1
2552,1
2553,3
2554,3
2555,1
2556,0
2557,2
2558,1
2559,4
2560,0
2561,3
2562,6
2563,3
2564,4
2565,5
2566,0
2567,5
2568,1
2569,1
2570,7
2571,1
2572,4
2573,1
2574,6
2575,2
2576,5
2577,3
2578,1
2579,5
2580,6
2581,2
2582,0
2583,1
2584,1
2585,2
2586,3
2587,0
2588,1
2589,1
2590,1
2591,4
2592,5
2593,1
2594,1
2595,4
2596,1
2597,1
2598,0
2599,3
2600,1
2601,1
2602,1
2603,5
2604,1
2605,1
2606,2
2607,1
2608,2
2609,1
2610,2
2611,1
2612,2
2613,3
2614,1
2615,2
2616,0
2617,1
2618,5
2619,2
2620,2
2621,4
2622,4
2623,0
2624,2
2625,5
2626,1
2627,1
2628,7
2629,1
2630,4
2631,0
2632,1
2633,2
2634,1
2635,1
2636,1
2637,5
2638,6
2639,1
2640,1
2641,1
2642,3
2643,3
2644,0
2645,1
2646,1
2647,1
2648,7
2649,4
2650,2
2651,1
2652,3
2653,2
2654,3
2655,1
2656,3
2657,2
2658,1
2659,1
2660,4
2661,0
2662,1
2663,5
2664,1
2665,1
2666,3
2667,1
2668,3
2669,3
2670,0
2671,5
2672,2
2673,1
2674,3
2675,2
2676,2
2677,0
2678,3
2679,1
2680,1
2681,1
2682,3
2683,1
2684,1
2685,2
2686,2
2687,3
2688,2
2689,3
2690,0
2691,3
2692,0
2693,3
2694,0
2695,1
2696,1
2697,3
2698,1
2699,4
2700,3
2701,5
2702,5
2703,2
2704,6
2705,2
2706,4
2707,3
2708,2
2709,2
2710,5
2711,3
2712,1
2713,3
2714,0
2715,4
2716,1
2717,1
2718,2
2719,8
2720,5
2721,9
2722,2
2723,2
2724,1
2725,3
2726,3
2727,2
2728,3
2729,0
2730,2
2731,3
2732,0
2733,0
2734,3
2735,2
2736,6
2737,1
2738,0
2739,2
2740,2
2741,1
2742,0
2743,2
2744,9
2745,0
2746,0
2747,3
2748,1
2749,3
2750,4
2751,4
2752,1
2753,5
2754,0
2755,3
2756,3
2757,0
2758,3
2759,1
2760,3
2761,2
2762,2
2763,6
2764,4
2765,5
2766,6
2767,0
2768,2
2769,2
2770,4
2771,1
2772,2
2773,2
2774,5
2775,3
2776,2
2777,2
2778,3
2779,4
2780,3
2781,4
2782,0
2783,4
2784,3
2785,2
2786,0
2787,3
2788,1
2789,1
2790,5
2791,1
2792,0
2793,1
2794,0
2795,3
2796,2
2797,4
2798,2
2799,3
2800,2
2801,0
2802,3
2803,4
2804,2
2805,6
2806,2
2807,1
2808,5
2809,0
2810,4
2811,2
2812,4
2813,0
2814,1
2815,0
2816,2
2817,4
2818,0
2819,8
2820,1
2821,0
2822,4
2823,3
2824,2
2825,5
2826,0
2827,4
2828,7
2829,1
2830,2
2831,1
2832,7
2833,2
2834,1
2835,4
2836,3
2837,3
2838,6
2839,3
2840,2
2841,6
2842,1
2843,1
2844,2
2845,3
2846,3
2847,1
2848,1
2849,4
2850,2
2851,2
2852,1
2853,2
2854,3
2855,2
2856,7
2857,4
2858,2
2859,2
2860,3
2861,3
2862,0
2863,3
2864,5
2865,2
2866,2
2867,2
2868,1
2869,0
2870,4
2871,1
2872,0
2873,4
2874,1
2875,1
2876,3
2877,0
2878,3
2879,1
2880,1
2881,3
2882,1
2883,4
2884,2
2885,2
2886,3
2887,2
2888,2
2889,1
2890,0
2891,3
2892,3
2893,4
2894,1
2895,2
2896,4
2897,3
2898,2
2899,0
2900,8
2901,1
2902,6
2903,0
2904,0
2905,2
2906,2
2907,0
2908,3
2909,3
2910,1
2911,4
2912,4
2913,3
2914,1
2915,4
2916,2
2917,0
2918,1
2919,0
2920,4
2921,1
2922,2
2923,3
2924,2
2925,2
2926,5
2927,6
2928,1
2929,6
2930,0
2931,4
2932,3
2933,4
2934,4
2935,0
2936,2
2937,3
2938,3
2939,2
2940,2
2941,1
2942,2
2943,2
2944,5
2945,2
2946,4
2947,3
2948,3
2949,2
2950,3
2951,1
2952,1
2953,2
2954,2
2955,1
2956,4
2957,4
2958,1
2959,1
2960,1
2961,2
2962,1
2963,1
2964,2
2965,0
2966,1
2967,2
2968,0
2969,5
2970,3
2971,0
2972,3
2973,2
2974,7
2975,4
2976,3
2977,3
2978,3
2979,6
2980,2
2981,4
2982,1
2983,5
2984,3
2985,6
2986,2
2987,4
2988,2
2989,3
2990,2
2991,1
2992,5
2993,1
2994,1
2995,2
2996,5
2997,1
2998,4
2999,5
3000,6
3001,2
3002,1
3003,3
3004,4
3005,2
3006,4
3007,3
3008,2
3009,4
3010,3
3011,0
3012,0
3013,2
3014,0
3015,1
3016,1
3017,1
3018,5
3019,2
3020,3
3021,0
3022,1
3023,2
3024,4
3025,3
3026,4
3027,1
3028,2
3029,1
3030,6
3031,4
3032,1
3033,1
3034,1
3035,1
3036,3
3037,3
3038,2
3039,1
3040,4
3041,3
3042,2
3043,3
3044,1
3045,2
3046,1
3047,1
3048,0
3049,1
3050,4
3051,2
3052,7
3053,4
3054,6
3055,3
3056,5
3057,1
3058,1
3059,6
3060,3
3061,4
3062,2
3063,4
3064,2
3065,4
3066,3
3067,6
3068,0
3069,7
3070,5
3071,5
3072,2
3073,3
3074,2
3075,0
3076,2
3077,2
3078,1
3079,2
3080,1
3081,3
3082,1
3083,3
3084,1
3085,2
3086,1
3087,2
3088,2
3089,2
3090,5
3091,2
3092,4
3093,1
3094,6
3095,3
3096,0
3097,2
3098,4
3099,1
3100,5
3101,2
3102,5
3103,0
3104,0
3105,3
3106,3
3107,0
3108,1
3109,0
3110,0
3111,3
3112,1
3113,3
3114,2
3115,4
3116,1
3117,2
3118,2
3119,2
3120,0
3121,2
3122,1
3123,4
3124,2
3125,5
3126,4
3127,1
3128,4
3129,4
3130,4
3131,3
3132,2
3133,1
3134,3
3135,4
3136,0
3137,5
3138,3
3139,1
3140,5
3141,7
3142,1
3143,2
3144,3
3145,9
3146,0
3147,4
3148,1
3149,3
3150,3
3151,0
3152,2
3153,1
3154,4
3155,5
3156,0
3157,0
3158,1
3159,2
3160,1
3161,1
3162,4
3163,5
3164,2
3165,0
3166,4
3167,4
3168,1
3169,3
3170,2
3171,1
3172,1
3173,0
3174,2
3175,3
3176,4
3177,5
3178,2
3179,1
3180,1
3181,2
3182,5
3183,4
3184,1
3185,1
3186,1
3187,2
3188,4
3189,1
3190,7
3191,6
3192,0
3193,5
3194,2
3195,2
3196,1
3197,2
3198,6
3199,2
3200,2
3201,1
3202,5
3203,1
3204,3
3205,0
3206,5
3207,3
3208,0
3209,5
3210,2
3211,2
3212,3
3213,3
3214,1
3215,1
3216,3
3217,0
3218,0
3219,0
3220,0
3221,1
3222,5
3223,3
3224,2
3225,1
3226,2
3227,3
3228,1
3229,0
3230,5
3231,0
3232,5
3233,1
3234,3
3235,4
3236,2
3237,0
3238,4
3239,1
3240,4
3241,0
3242,2
3243,10
3244,3
3245,9
3246,4
3247,3
3248,1
3249,5
3250,2
3251,2
3252,2
3253,3
3254,2
3255,1
3256,5
3257,1
3258,1
3259,4
3260,4
3261,3
3262,2
3263,3
3264,1
3265,5
3266,1
3267,3
3268,0
3269,2
3270,2
3271,0
3272,2
3273,1
3274,4
3275,3
3276,2
3277,4
3278,0
3279,2
3280,0
3281,1
3282,1
3283,1
3284,0
3285,2
3286,4
3287,1
3288,2
3289,1
3290,1
3291,2
3292,2
3293,2
3294,1
3295,1
3296,1
3297,0
3298,5
3299,1
3300,5
3301,0
3302,2
3303,8
3304,5
3305,4
3306,4
3307,0
3308,2
3309,3
3310,4
3311,3
3312,2
3313,3
3314,0
3315,3
3316,4
3317,3
3318,1
3319,4
3320,3
3321,0
3322,2
3323,2
3324,1
3325,7
3326,5
3327,1
3328,3
3329,1
3330,2
3331,3
3332,3
3333,3
3334,4
3335,1
3336,2
3337,1
3338,0
3339,2
3340,1
3341,0
3342,3
3343,1
3344,1
3345,2
3346,2
3347,1
3348,2
3349,4
3350,5
3351,6
3352,3
3353,0
3354,2
3355,4
3356,0
3357,2
3358,2
3359,4
3360,1
3361,3
3362,3
3363,3
3364,1
3365,2
3366,1
3367,0
3368,3
3369,1
3370,5
3371,3
3372,1
3373,3
3374,7
3375,1
3376,1
3377,1
3378,2
3379,1
3380,3
3381,0
3382,2
3383,3
3384,3
3385,2
3386,4
3387,1
3388,6
3389,2
3390,1
3391,3
3392,4
3393,0
3394,3
3395,3
3396,2
3397,3
3398,2
3399,2
3400,0
3401,1
3402,9
3403,2
3404,1
3405,5
3406,1
3407,1
3408,4
3409,0
3410,0
3411,4
3412,0
3413,2
3414,3
3415,1
3416,2
3417,2
3418,2
3419,5
3420,1
3421,3
3422,5
3423,0
3424,0
3425,2
3426,4
3427,1
3428,3
3429,1
3430,2
3431,2
3432,3
3433,7
3434,1
3435,3
3436,1
3437,3
3438,3
3439,0
3440,1
3441,2
3442,2
3443,3
3444,1
3445,1
3446,2
3447,5
3448,2
3449,2
3450,0
3451,2
3452,3
3453,5
3454,3
3455,0
3456,7
3457,2
3458,3
3459,2
3460,0
3461,4
3462,4
3463,2
3464,2
3465,1
3466,4
3467,1
3468,1
3469,1
3470,0
3471,1
3472,3
3473,1
3474,4
3475,4
3476,1
3477,2
3478,11
3479,1
3480,1
3481,0
3482,2
3483,4
3484,2
3485,5
3486,2
3487,3
3488,4
3489,1
3490,3
3491,1
3492,1
3493,1
3494,1
3495,2
3496,4
3497,1
3498,1
3499,2
3500,6
3501,4
3502,2
3503,4
3504,1
3505,3
3506,2
3507,4
3508,3
3509,2
3510,0
3511,2
3512,2
3513,4
3514,0
3515,0
3516,3
3517,4
3518,4
3519,6
3520,3
3521,1
3522,0
3523,3
3524,3
3525,2
3526,2
3527,4
3528,3
3529,3
3530,9
3531,6
3532,10
3533,2
3534,0
3535,4
3536,3
3537,2
3538,8
3539,2
3540,3
3541,2
3542,2
3543,4
3544,3
3545,5
3546,3
3547,2
3548,3
3549,3
3550,3
3551,7
3552,6
3553,0
3554,2
3555,6
3556,2
3557,1
3558,4
3559,2
3560,4
3561,3
3562,1
3563,3
3564,3
3565,3
3566,2
3567,3
3568,2
3569,4
3570,4
3571,3
3572,1
3573,2
3574,1
3575,1
3576,5
3577,0
3578,4
3579,0
3580,0
3581,2
3582,3
3583,1
3584,2
3585,4
3586,5
3587,3
3588,2
3589,4
3590,1
3591,4
3592,3
3593,1
3594,7
3595,3
3596,2
3597,1
3598,2
3599,4
3600,0
3601,0
3602,2
3603,1
3604,0
3605,1
3606,5
3607,1
3608,4
3609,3
3610,3
3611,4
3612,6
3613,5
3614,3
3615,4
3616,4
3617,4
3618,1
3619,2
3620,1
3621,6
3622,3
3623,5
3624,7
3625,4
3626,0
3627,3
3628,1
3629,0
3630,1
3631,2
3632,1
3633,1
3634,3
3635,3
3636,1
3637,6
3638,0
3639,5
3640,4
3641,1
3642,0
3643,1
3644,4
3645,2
3646,3
3647,2
3648,0
3649,3
3650,2
3651,6
3652,0
3653,2
3654,1
3655,3
3656,2
3657,2
3658,2
3659,3
3660,3
3661,2
3662,2
3663,3
3664,1
3665,1
3666,3
3667,3
3668,2
3669,5
3670,4
3671,2
3672,5
3673,2
3674,3
3675,4
3676,0
3677,3
3678,4
3679,0
3680,1
3681,2
3682,7
3683,2
3684,2
3685,3
3686,3
3687,3
3688,4
3689,3
3690,3
3691,2
3692,0
3693,0
3694,5
3695,2
3696,3
3697,4
3698,5
3699,1
3700,2
3701,1
3702,1
3703,5
3704,2
3705,3
3706,5
3707,2
3708,1
3709,3
3710,1
3711,1
3712,3
3713,5
3714,0
3715,1
3716,1
3717,0
3718,0
3719,2
3720,4
3721,2
3722,1
3723,0
3724,7
3725,2
3726,4
3727,2
3728,3
3729,2
3730,1
3731,3
3732,1
3733,2
3734,4
3735,1
3736,7
3737,3
3738,0
3739,2
3740,3
3741,3
3742,4
3743,1
3744,2
3745,1
3746,1
3747,2
3748,3
3749,1
3750,6
3751,2
3752,1
3753,3
3754,5
3755,0
3756,1
3757,2
3758,2
3759,2
3760,2
3761,2
3762,0
3763,2
3764,2
3765,2
3766,3
3767,3
3768,4
3769,4
3770,3
3771,4
3772,3
3773,2
3774,2
3775,1
3776,1
3777,1
3778,0
3779,2
3780,0
3781,2
3782,0
3783,1
3784,0
3785,1
3786,1
3787,8
3788,3
3789,0
3790,4
3791,5
3792,3
3793,3
3794,4
3795,2
3796,2
3797,5
3798,3
3799,1
3800,0
3801,1
3802,0
3803,3
3804,0
3805,1
3806,3
3807,2
3808,2
3809,2
3810,3
3811,0
3812,5
3813,4
3814,2
3815,0
3816,2
3817,5
3818,2
3819,0
3820,1
3821,1
3822,0
3823,1
3824,1
3825,2
3826,1
3827,2
3828,0
3829,3
3830,3
3831,2
3832,1
3833,0
3834,0
3835,5
3836,5
3837,1
3838,1
3839,0
3840,0
3841,2
3842,2
3843,5
3844,2
3845,0
3846,0
3847,6
3848,0
3849,1
3850,2
3851,2
3852,0
3853,2
3854,0
3855,1
3856,2
3857,0
3858,2
3859,5
3860,1
3861,1
3862,1
3863,2
3864,3
3865,0
3866,3
3867,3
3868,0
3869,5
3870,2
3871,3
3872,4
3873,1
3874,5
3875,9
3876,2
3877,3
3878,3
3879,2
3880,2
3881,1
3882,4
3883,1
3884,2
3885,4
3886,1
3887,1
3888,2
3889,3
3890,0
3891,4
3892,4
3893,1
3894,3
3895,5
3896,5
3897,5
3898,0
3899,3
3900,1
3901,4
3902,8
3903,5
3904,6
3905,3
3906,4
3907,0
3908,2
3909,0
3910,3
3911,7
3912,3
3913,2
3914,5
3915,2
3916,4
3917,3
3918,8
3919,0
3920,3
3921,5
3922,3
3923,4
3924,1
3925,0
3926,6
3927,4
3928,2
3929,5
3930,3
3931,1
3932,7
3933,2
3934,3
3935,2
3936,2
3937,2
3938,4
3939,1
3940,4
3941,1
3942,2
3943,8
3944,1
3945,2
3946,1
3947,3
3948,1
3949,4
3950,2
3951,0
3952,1
3953,3
3954,1
3955,4
3956,1
3957,1
3958,0
3959,3
3960,3
3961,5
3962,6
3963,3
3964,3
3965,2
3966,6
3967,0
3968,2
3969,5
3970,3
3971,1
3972,5
3973,2
3974,2
3975,0
3976,0
3977,5
3978,0
3979,0
3980,0
3981,2
3982,3
3983,5
3984,1
3985,6
3986,5
3987,6
3988,3
3989,4
3990,5
3991,4
3992,3
3993,4
3994,1
3995,1
3996,0
3997,1
3998,4
3999,3
4000,3
4001,2
4002,2
4003,3
4004,3
4005,1
4006,1
4007,3
4008,0
4009,3
4010,2
4011,2
4012,1
4013,2
4014,3
4015,1
4016,3
4017,4
4018,0
4019,5
4020,2
4021,2
4022,1
4023,2
4024,2
4025,2
4026,5
4027,2
4028,4
4029,6
4030,5
4031,3
4032,6
4033,0
4034,0
4035,4
4036,1
4037,2
4038,2
4039,3
4040,1
4041,4
4042,3
4043,4
4044,0
4045,4
4046,3
4047,1
4048,5
4049,0
4050,4
4051,3
4052,1
4053,2
4054,3
4055,0
4056,1
4057,1
4058,2
4059,4
4060,6
4061,1
4062,3
4063,3
4064,2
4065,5
4066,3
4067,5
4068,2
4069,1
4070,2
4071,3
4072,2
4073,3
4074,2
4075,3
4076,4
4077,3
4078,3
4079,3
4080,4
4081,3
4082,8
4083,2
4084,3
4085,0
4086,5
4087,3
4088,2
4089,3
4090,4
4091,4
4092,2
4093,7
4094,4
4095,1
4096,2
4097,4
4098,1
4099,3
4100,5
4101,2
4102,5
4103,3
4104,0
4105,2
4106,2
4107,5
4108,0
4109,4
4110,1
4111,7
4112,4
4113,1
4114,0
4115,0
4116,2
4117,3
4118,3
4119,4
4120,4
4121,1
4122,1
4123,0
4124,3
4125,2
4126,6
4127,4
4128,1
4129,2
4130,2
4131,2
4132,1
4133,1
4134,2
4135,3
4136,6
4137,2
4138,2
4139,2
4140,4
4141,1
4142,0
4143,3
4144,5
4145,2
4146,4
4147,3
4148,6
4149,8
4150,6
4151,4
4152,2
4153,1
4154,2
4155,3
4156,7
4157,2
4158,3
4159,1
4160,2
4161,5
4162,4
4163,2
4164,3
4165,8
4166,1
4167,0
4168,1
4169,2
4170,1
4171,1
4172,4
4173,2
4174,2
4175,2
4176,3
4177,3
4178,3
4179,1
4180,5
4181,2
4182,2
4183,4
4184,3
4185,4
4186,3
4187,2
4188,2
4189,2
4190,4
4191,0
4192,4
4193,5
4194,1
4195,3
4196,2
4197,1
4198,0
4199,2
4200,0
4201,2
4202,3
4203,1
4204,1
4205,3
4206,4
4207,4
4208,1
4209,3
4210,3
4211,0
4212,0
4213,3
4214,0
4215,3
4216,4
4217,3
4218,2
4219,3
4220,3
4221,4
4222,0
4223,5
4224,3
4225,3
4226,0
4227,3
4228,3
4229,5
4230,4
4231,3
4232,1
4233,3
4234,0
4235,1
4236,1
4237,6
4238,1
4239,2
4240,0
4241,2
4242,4
4243,2
4244,0
4245,2
4246,3
4247,0
4248,3
4249,0
4250,2
4251,1
4252,1
4253,4
4254,2
4255,1
4256,4
4257,3
4258,0
4259,2
4260,1
4261,1
4262,3
4263,4
4264,4
4265,3
4266,3
4267,1
4268,0
4269,1
4270,2
4271,0
4272,3
4273,1
4274,1
4275,3
4276,2
4277,6
4278,0
4279,1
4280,2
4281,0
4282,5
4283,3
4284,1
4285,3
4286,0
4287,3
4288,2
4289,0
4290,2
4291,7
4292,2
4293,5
4294,1
4295,2
4296,3
4297,3
4298,1
4299,2
4300,0
4301,4
4302,3
4303,3
4304,1
4305,3
4306,5
4307,1
4308,2
4309,2
4310,2
4311,6
4312,3
4313,1
4314,1
4315,4
4316,5
4317,1
4318,5
4319,0
4320,5
4321,0
4322,5
4323,2
4324,3
4325,2
4326,5
4327,3
4328,1
4329,3
4330,2
4331,3
4332,1
4333,3
4334,0
4335,1
4336,1
4337,1
4338,3
4339,4
4340,1
4341,0
4342,3
4343,4
4344,6
4345,2
4346,2
4347,1
4348,6
4349,1
4350,2
4351,0
4352,5
4353,1
4354,1
4355,2
4356,0
4357,2
4358,3
4359,1
4360,4
4361,0
4362,3
4363,8
4364,0
4365,2
4366,2
4367,4
4368,3
4369,3
4370,1
4371,4
4372,3
4373,0
4374,3
4375,2
4376,5
4377,4
4378,0
4379,3
4380,2
4381,2
4382,3
4383,2
4384,0
4385,3
4386,3
4387,3
4388,3
4389,3
4390,2
4391,4
4392,4
4393,2
4394,3
4395,5
4396,3
4397,0
4398,1
4399,0
4400,2
4401,1
4402,5
4403,3
4404,1
4405,2
4406,3
4407,4
4408,2
4409,2
4410,2
4411,5
4412,1
4413,1
4414,0
4415,7
4416,0
4417,4
4418,0
4419,4
4420,1
4421,2
4422,3
4423,4
4424,6
4425,9
4426,0
4427,2
4428,0
4429,3
4430,2
4431,0
4432,5
4433,6
4434,2
4435,1
4436,3
4437,2
4438,2
4439,5
4440,3
4441,3
4442,4
4443,2
4444,3
4445,4
4446,1
4447,2
4448,5
4449,0
4450,0
4451,4
4452,4
4453,3
4454,3
4455,2
4456,2
4457,2
4458,4
4459,6
4460,1
4461,1
4462,4
4463,2
4464,2
4465,6
4466,2
4467,3
4468,3
4469,6
4470,4
4471,4
4472,3
4473,4
4474,2
4475,0
4476,4
4477,0
4478,6
4479,3
4480,2
4481,3
4482,3
4483,1
4484,2
4485,2
4486,3
4487,2
4488,5
4489,0
4490,2
4491,2
4492,6
4493,0
4494,2
4495,2
4496,3
4497,0
4498,1
4499,1
4500,6
4501,0
4502,4
4503,8
4504,3
4505,5
4506,4
4507,3
4508,4
4509,5
4510,4
4511,3
4512,4
4513,1
4514,2
4515,1
4516,5
4517,6
4518,0
4519,2
4520,3
4521,2
4522,1
4523,2
4524,1
4525,0
4526,2
4527,2
4528,1
4529,2
4530,2
4531,4
4532,4
4533,1
4534,9
4535,2
4536,2
4537,3
4538,6
4539,1
4540,4
4541,3
4542,1
4543,6
4544,2
4545,2
4546,2
4547,2
4548,3
4549,2
4550,3
4551,6
4552,2
4553,3
4554,4
4555,5
4556,1
4557,4
4558,1
4559,0
4560,1
4561,4
4562,3
4563,1
4564,3
4565,8
4566,3
4567,6
4568,1
4569,4
4570,2
4571,3
4572,0
4573,4
4574,0
4575,3
4576,4
4577,1
4578,0
4579,1
4580,4
4581,0
4582,5
4583,7
4584,0
4585,4
4586,0
4587,5
4588,7
4589,1
4590,0
4591,3
4592,2
4593,1
4594,2
4595,1
4596,1
4597,1
4598,5
4599,2
4600,3
4601,4
4602,4
4603,8
4604,2
4605,0
4606,3
4607,1
4608,0
4609,5
4610,4
4611,1
4612,0
4613,3
4614,5
4615,1
4616,1
4617,4
4618,4
4619,2
4620,0
4621,3
4622,4
4623,1
4624,4
4625,5
4626,4
4627,1
4628,2
4629,3
4630,1
4631,1
4632,4
4633,2
4634,2
4635,5
4636,3
4637,1
4638,3
4639,1
4640,4
4641,2
4642,2
4643,7
4644,1
4645,2
4646,1
4647,3
4648,3
4649,4
4650,2
4651,6
4652,3
4653,3
4654,3
4655,0
4656,3
4657,0
4658,3
4659,1
4660,3
4661,6
4662,3
4663,3
4664,2
4665,4
4666,4
4667,1
4668,3
4669,4
4670,4
4671,1
4672,1
4673,6
4674,0
4675,5
4676,1
4677,2
4678,2
4679,1
4680,0
4681,2
4682,3
4683,5
4684,0
4685,4
4686,1
4687,3
4688,2
4689,2
4690,2
4691,5
4692,3
4693,2
4694,1
4695,5
4696,3
4697,8
4698,4
4699,1
4700,4
4701,5
4702,1
4703,3
4704,1
4705,5
4706,2
4707,1
4708,4
4709,1
4710,1
4711,0
4712,3
4713,1
4714,2
4715,5
4716,4
4717,2
4718,0
4719,1
4720,2
4721,1
4722,4
4723,5
4724,3
4725,3
4726,6
4727,3
4728,3
4729,1
4730,5
4731,4
4732,6
4733,2
4734,1
4735,4
4736,3
4737,3
4738,3
4739,2
4740,1
4741,4
4742,1
4743,1
4744,4
4745,0
4746,3
4747,2
4748,1
4749,5
4750,2
4751,1
4752,3
4753,1
4754,5
4755,5
4756,3
4757,4
4758,3
4759,3
4760,2
4761,2
4762,1
4763,0
4764,2
4765,1
4766,2
4767,2
4768,5
4769,1
4770,3
4771,0
4772,2
4773,1
4774,0
4775,6
4776,0
4777,0
4778,3
4779,4
4780,1
4781,1
4782,3
4783,0
4784,2
4785,3
4786,4
4787,2
4788,3
4789,1
4790,3
4791,0
4792,4
4793,2
4794,3
4795,4
4796,1
4797,2
4798,1
4799,8
4800,1
4801,3
4802,2
4803,3
4804,5
4805,2
4806,6
4807,4
4808,0
4809,3
4810,0
4811,4
4812,7
4813,4
4814,1
4815,4
4816,0
4817,3
4818,2
4819,2
4820,4
4821,7
4822,3
4823,6
4824,2
4825,1
4826,4
4827,2
4828,2
4829,2
4830,1
4831,1
4832,1
4833,4
4834,0
4835,3
4836,2
4837,2
4838,3
4839,4
4840,2
4841,4
4842,1
4843,4
4844,3
4845,8
4846,3
4847,1
4848,3
4849,4
4850,1
4851,3
4852,1
4853,3
4854,2
4855,2
4856,3
4857,7
4858,3
4859,2
4860,1
4861,2
4862,1
4863,3
4864,0
4865,0
4866,5
4867,5
4868,2
4869,2
4870,3
4871,3
4872,3
4873,1
4874,3
4875,5
4876,2
4877,2
4878,3
4879,2
4880,2
4881,5
4882,5
4883,1
4884,3
4885,2
4886,1
4887,6
4888,2
4889,3
4890,6
4891,0
4892,6
4893,3
4894,1
4895,1
4896,1
4897,7
4898,2
4899,3
4900,2
4901,4
4902,2
4903,0
4904,1
4905,0
4906,7
4907,4
4908,1
4909,4
4910,2
4911,2
4912,1
4913,3
4914,2
4915,4
4916,1
4917,1
4918,3
4919,1
4920,3
4921,2
4922,3
4923,4
4924,2
4925,1
4926,1
4927,5
4928,2
4929,3
4930,1
4931,1
4932,5
4933,0
4934,3
4935,3
4936,2
4937,2
4938,2
4939,2
4940,1
4941,5
4942,4
4943,4
4944,8
4945,0
4946,4
4947,1
4948,3
4949,2
4950,5
4951,3
4952,5
4953,0
4954,3
4955,1
4956,0
4957,0
4958,2
4959,1
4960,4
4961,2
4962,1
4963,6
4964,4
4965,1
4966,4
4967,4
4968,3
4969,2
4970,2
4971,3
4972,2
4973,1
4974,5
4975,5
4976,4
4977,5
4978,1
4979,1
4980,2
4981,5
4982,4
4983,2
4984,4
4985,0
4986,4
4987,3
4988,0
4989,0
4990,2
4991,1
4992,2
4993,3
4994,0
4995,3
4996,5
4997,3
4998,3
4999,2
5000,5
5001,2
5002,2
5003,5
5004,1
5005,2
5006,2
5007,6
5008,3
5009,1
5010,0
5011,4
5012,4
5013,0
5014,3
5015,2
5016,0
5017,2
5018,1
5019,5
5020,2
5021,3
5022,4
5023,9
5024,1
5025,5
5026,4
5027,2
5028,1
5029,4
5030,3
5031,3
5032,4
5033,1
5034,2
5035,3
5036,0
5037,4
5038,5
5039,3
5040,2
5041,7
5042,5
5043,2
5044,3
5045,1
5046,3
5047,0
5048,1
5049,3
5050,1
5051,2
5052,5
5053,0
5054,2
5055,2
5056,4
5057,1
5058,0
5059,4
5060,0
5061,7
5062,0
5063,2
5064,0
5065,0
5066,7
5067,2
5068,1
5069,2
5070,1
5071,4
5072,3
5073,4
5074,4
5075,2
5076,0
5077,1
5078,4
5079,0
5080,2
5081,1
5082,2
5083,1
5084,5
5085,1
5086,2
5087,4
5088,4
5089,3
5090,0
5091,1
5092,1
5093,2
5094,0
5095,0
5096,1
5097,5
5098,1
5099,0
5100,2
5101,0
5102,0
5103,2
5104,2
5105,2
5106,4
5107,1
5108,5
5109,2
5110,3
5111,3
5112,3
5113,1
5114,3
5115,0
5116,3
5117,3
5118,0
5119,3
5120,2
5121,4
5122,0
5123,4
5124,1
5125,2
5126,4
5127,4
5128,6
5129,2
5130,1
5131,4
5132,2
5133,0
5134,4
5135,2
5136,4
5137,0
5138,4
5139,2
5140,0
5141,2
5142,2
5143,3
5144,1
5145,0
5146,0
5147,3
5148,2
5149,1
5150,5
5151,6
5152,3
5153,2
5154,4
5155,3
5156,5
5157,0
5158,3
5159,6
5160,4
5161,6
5162,3
5163,0
5164,0
5165,1
5166,4
5167,1
5168,1
5169,2
5170,1
5171,2
5172,0
5173,4
5174,5
5175,2
5176,1
5177,0
5178,2
5179,0
5180,2
5181,2
5182,5
5183,2
5184,2
5185,6
5186,1
5187,2
5188,5
5189,1
5190,3
5191,1
5192,3
5193,0
5194,3
5195,4
5196,4
5197,3
5198,3
5199,4
5200,1
5201,6
5202,1
5203,2
5204,2
5205,1
5206,1
5207,2
5208,0
5209,2
5210,4
5211,3
5212,5
5213,2
5214,3
5215,2
5216,2
5217,4
5218,3
5219,0
5220,5
5221,4
5222,4
5223,1
5224,0
5225,3
5226,1
5227,4
5228,6
5229,5
5230,3
5231,1
5232,3
5233,0
5234,1
5235,2
5236,7
5237,2
5238,3
5239,3
5240,6
5241,1
5242,2
5243,3
5244,0
5245,2
5246,4
5247,3
5248,0
5249,4
5250,3
5251,2
5252,2
5253,4
5254,0
5255,0
5256,5
5257,4
5258,3
5259,1
5260,2
5261,0
5262,0
5263,5
5264,5
5265,1
5266,2
5267,3
5268,3
5269,3
5270,2
5271,5
5272,0
5273,1
5274,5
5275,5
5276,1
5277,1
5278,4
5279,5
5280,0
5281,1
5282,3
5283,5
5284,2
5285,1
5286,3
5287,0
5288,4
5289,4
5290,5
5291,3
5292,3
5293,5
5294,0
5295,6
5296,2
5297,1
5298,5
5299,1
5300,3
5301,1
5302,3
5303,3
5304,2
5305,4
5306,3
5307,3
5308,3
5309,0
5310,1
5311,3
5312,3
5313,3
5314,2
5315,4
5316,3
5317,1
5318,0
5319,2
5320,2
5321,1
5322,2
5323,2
5324,1
5325,4
5326,0
5327,1
5328,1
5329,3
5330,1
5331,4
5332,2
5333,7
5334,4
5335,3
5336,1
5337,2
5338,3
5339,5
5340,6
5341,2
5342,2
5343,3
5344,4
5345,8
5346,0
5347,4
5348,3
5349,2
5350,3
5351,0
5352,1
5353,1
5354,3
5355,4
5356,2
5357,1
5358,5
5359,2
5360,4
5361,3
5362,1
5363,3
5364,0
5365,2
5366,0
5367,2
5368,2
5369,6
5370,2
5371,2
5372,2
5373,5
5374,1
5375,2
5376,5
5377,1
5378,3
5379,4
5380,2
5381,7
5382,0
5383,1
5384,2
5385,5
5386,1
5387,1
5388,5
5389,2
5390,1
5391,1
5392,3
5393,2
5394,1
5395,4
5396,1
5397,1
5398,4
5399,3
5400,4
5401,4
5402,3
5403,2
5404,3
5405,4
5406,3
5407,3
5408,2
5409,2
5410,3
5411,0
5412,2
5413,0
5414,2
5415,0
5416,2
5417,1
5418,0
5419,1
5420,1
5421,4
5422,1
5423,2
5424,6
5425,1
5426,4
5427,4
5428,2
5429,3
5430,2
5431,3
5432,3
5433,2
5434,7
5435,4
5436,3
5437,1
5438,2
5439,7
5440,2
5441,4
5442,0
5443,1
5444,1
5445,0
5446,6
5447,6
5448,1
5449,3
5450,2
5451,3
5452,4
5453,0
5454,3
5455,6
5456,1
5457,2
5458,4
5459,3
5460,6
5461,1
5462,2
5463,1
5464,4
5465,0
5466,1
5467,0
5468,3
5469,0
5470,2
5471,5
5472,4
5473,0
5474,4
5475,1
5476,3
5477,3
5478,0
5479,5
5480,2
5481,0
5482,5
5483,2
5484,1
5485,0
5486,2
5487,1
5488,5
5489,1
5490,4
5491,3
5492,1
5493,4
5494,0
5495,3
5496,5
5497,2
5498,5
5499,3
5500,2
5501,2
5502,4
5503,1
5504,4
5505,3
5506,9
5507,1
5508,1
5509,3
5510,3
5511,1
5512,5
5513,3
5514,2
5515,1
5516,1
5517,2
5518,0
5519,2
5520,1
5521,5
5522,1
5523,1
5524,2
5525,1
5526,2
5527,0
5528,2
5529,0
5530,4
5531,1
5532,3
5533,2
5534,3
5535,3
5536,2
5537,3
5538,6
5539,1
5540,2
5541,0
5542,3
5543,3
5544,5
5545,2
5546,4
5547,0
5548,3
5549,2
5550,1
5551,2
5552,3
5553,4
5554,7
5555,4
5556,2
5557,3
5558,4
5559,2
5560,7
5561,5
5562,3
5563,2
5564,2
5565,3
5566,1
5567,4
5568,2
5569,1
5570,2
5571,3
5572,1
5573,5
5574,3
5575,6
5576,1
5577,2
5578,2
5579,2
5580,2
5581,2
5582,2
5583,1
5584,6
5585,7
5586,1
5587,5
5588,2
5589,3
5590,0
5591,1
5592,1
5593,5
5594,3
5595,5
5596,3
5597,3
5598,5
5599,0
5600,1
5601,0
5602,4
5603,2
5604,2
5605,1
5606,4
5607,4
5608,3
5609,1
5610,3
5611,6
5612,4
5613,6
5614,2
5615,0
5616,4
5617,5
5618,5
5619,0
5620,4
5621,7
5622,4
5623,4
5624,4
5625,2
5626,1
5627,2
5628,2
5629,2
5630,0
5631,2
5632,1
5633,3
5634,9
5635,4
5636,1
5637,1
5638,3
5639,2
5640,2
5641,3
5642,2
5643,2
5644,1
5645,0
5646,0
5647,1
5648,1
5649,2
5650,1
5651,3
5652,5
5653,6
5654,4
5655,2
5656,3
5657,6
5658,1
5659,3
5660,4
5661,1
5662,3
5663,1
5664,4
5665,6
5666,0
5667,3
5668,7
5669,0
5670,0
5671,3
5672,3
5673,2
5674,3
5675,3
5676,5
5677,1
5678,2
5679,4
5680,2
5681,2
5682,4
5683,2
5684,3
5685,2
5686,3
5687,3
5688,3
5689,3
5690,1
5691,1
5692,1
5693,1
5694,1
5695,3
5696,3
5697,0
5698,5
5699,5
5700,3
5701,5
5702,2
5703,0
5704,1
5705,0
5706,2
5707,0
5708,4
5709,4
5710,1
5711,4
5712,4
5713,3
5714,1
5715,2
5716,1
5717,2
5718,2
5719,3
5720,0
5721,3
5722,4
5723,0
5724,3
5725,1
5726,1
5727,0
5728,6
5729,3
5730,3
5731,3
5732,2
5733,2
5734,1
5735,5
5736,2
5737,2
5738,4
5739,0
5740,2
5741,2
5742,6
5743,3
5744,4
5745,5
5746,3
5747,3
5748,5
5749,3
5750,0
5751,2
5752,0
5753,1
5754,2
5755,4
5756,0
5757,1
5758,3
5759,1
5760,2
5761,4
5762,0
5763,4
5764,1
5765,2
5766,4
5767,7
5768,0
5769,2
5770,3
5771,0
5772,6
5773,2
5774,3
5775,3
5776,5
5777,0
5778,1
5779,5
5780,1
5781,3
5782,1
5783,3
5784,2
5785,4
5786,2
5787,2
5788,3
5789,2
5790,2
5791,4
5792,1
5793,1
5794,2
5795,3
5796,2
5797,1
5798,0
5799,2
5800,3
5801,4
5802,5
5803,5
5804,5
5805,1
5806,5
5807,3
5808,5
5809,0
5810,3
5811,1
5812,2
5813,2
5814,2
5815,4
5816,3
5817,1
5818,2
5819,1
5820,0
5821,3
5822,1
5823,5
5824,3
5825,3
5826,1
5827,1
5828,5
5829,2
5830,7
5831,5
5832,3
5833,2
5834,2
5835,3
5836,1
5837,0
5838,1
5839,0
5840,3
5841,1
5842,2
5843,5
5844,5
5845,6
5846,3
5847,1
5848,2
5849,0
5850,1
5851,3
5852,4
5853,2
5854,4
5855,2
5856,0
5857,2
5858,4
5859,4
5860,3
5861,3
5862,4
5863,2
5864,1
5865,2
5866,2
5867,4
5868,2
5869,6
5870,5
5871,5
5872,2
5873,1
5874,6
5875,0
5876,2
5877,3
5878,3
5879,1
5880,1
5881,5
5882,1
5883,5
5884,2
5885,2
5886,1
5887,1
5888,0
5889,2
5890,5
5891,3
5892,2
5893,3
5894,1
5895,1
5896,1
5897,0
5898,3
5899,1
5900,5
5901,2
5902,1
5903,2
5904,3
5905,2
5906,1
5907,5
5908,4
5909,0
5910,2
5911,4
5912,6
5913,1
5914,3
5915,4
5916,4
5917,2
5918,2
5919,1
5920,1
5921,0
5922,6
5923,5
5924,3
5925,3
5926,1
5927,0
5928,1
5929,5
5930,1
5931,1
5932,1
5933,1
5934,3
5935,0
5936,7
5937,3
5938,2
5939,0
5940,4
5941,2
5942,1
5943,3
5944,2
5945,1
5946,2
5947,1
5948,2
5949,2
5950,2
5951,4
5952,1
5953,4
5954,2
5955,5
5956,5
5957,3
5958,1
5959,0
5960,2
5961,3
5962,5
5963,7
5964,2
5965,1
5966,1
5967,1
5968,2
5969,2
5970,5
5971,5
5972,2
5973,5
5974,2
5975,2
5976,1
5977,5
5978,5
5979,3
5980,4
5981,2
5982,4
5983,5
5984,2
5985,5
5986,2
5987,1
5988,2
5989,3
5990,0
5991,3
5992,6
5993,2
5994,1
5995,3
5996,3
5997,4
5998,1
5999,2
6000,2
6001,1
6002,4
6003,4
6004,2
6005,2
6006,2
6007,5
6008,1
6009,0
6010,1
6011,4
6012,1
6013,2
6014,2
6015,2
6016,2
6017,1
6018,0
6019,4
6020,2
6021,0
6022,3
6023,2
6024,1
6025,3
6026,4
6027,4
6028,2
6029,2
6030,2
6031,1
6032,3
6033,2
6034,1
6035,1
6036,3
6037,1
6038,0
6039,2
6040,2
6041,4
6042,4
6043,1
6044,0
6045,2
6046,4
6047,2
6048,1
6049,2
6050,6
6051,2
6052,3
6053,1
6054,2
6055,2
6056,3
6057,2
6058,0
6059,3
6060,3
6061,1
6062,3
6063,3
6064,3
6065,5
6066,2
6067,1
6068,0
6069,2
6070,6
6071,5
6072,2
6073,4
6074,4
6075,2
6076,1
6077,0
6078,4
6079,2
6080,5
6081,2
6082,1
6083,3
6084,4
6085,1
6086,3
6087,0
6088,2
6089,3
6090,1
6091,1
6092,1
6093,5
6094,3
6095,0
6096,2
6097,4
6098,3
6099,2
6100,2
6101,0
6102,0
6103,1
6104,2
6105,4
6106,2
6107,2
6108,1
6109,4
6110,3
6111,1
6112,4
6113,1
6114,2
6115,1
6116,2
6117,3
6118,2
6119,0
6120,0
6121,2
6122,1
6123,1
6124,1
6125,0
6126,3
6127,2
6128,1
6129,2
6130,7
6131,5
6132,2
6133,1
6134,3
6135,2
6136,1
6137,2
6138,0
6139,0
6140,3
6141,3
6142,0
6143,4
6144,5
6145,2
6146,2
6147,1
6148,4
6149,5
6150,2
6151,1
6152,1
6153,7
6154,0
6155,6
6156,2
6157,1
6158,3
6159,3
6160,1
6161,3
6162,1
6163,1
6164,6
6165,1
6166,3
6167,1
6168,1
6169,0
6170,4
6171,4
6172,1
6173,2
6174,4
6175,3
6176,0
6177,4
6178,6
6179,0
6180,0
6181,0
6182,4
6183,1
6184,5
6185,2
6186,1
6187,1
6188,0
6189,3
6190,1
6191,0
6192,2
6193,1
6194,1
6195,2
6196,4
6197,3
6198,0
6199,2
6200,4
6201,3
6202,3
6203,2
6204,3
6205,2
6206,3
6207,4
6208,1
6209,4
6210,1
6211,3
6212,1
6213,2
6214,2
6215,4
6216,4
6217,0
6218,1
6219,2
6220,7
6221,2
6222,0
6223,3
6224,0
6225,0
6226,0
6227,2
6228,1
6229,3
6230,4
6231,3
6232,4
6233,4
6234,1
6235,4
6236,2
6237,2
6238,4
6239,2
6240,5
6241,4
6242,1
6243,3
6244,2
6245,0
6246,2
6247,1
6248,1
6249,5
6250,5
6251,2
6252,2
6253,2
6254,1
6255,4
6256,1
6257,2
6258,4
6259,4
6260,3
6261,3
6262,1
6263,5
6264,2
6265,2
6266,4
6267,3
6268,3
6269,1
6270,0
6271,1
6272,4
6273,4
6274,2
6275,5
6276,3
6277,8
6278,5
6279,2
6280,3
6281,0
6282,4
6283,4
6284,6
6285,2
6286,1
6287,1
6288,1
6289,2
6290,3
6291,3
6292,1
6293,0
6294,0
6295,1
6296,3
6297,1
6298,5
6299,4
6300,3
6301,0
6302,0
6303,1
6304,2
6305,1
6306,4
6307,0
6308,3
6309,0
6310,2
6311,3
6312,5
6313,2
6314,2
6315,2
6316,0
6317,3
6318,2
6319,1
6320,0
6321,0
6322,3
6323,4
6324,4
6325,3
6326,2
6327,0
6328,1
6329,2
6330,4
6331,8
6332,5
6333,4
6334,3
6335,5
6336,3
6337,4
6338,6
6339,3
6340,1
6341,3
6342,1
6343,1
6344,1
6345,2
6346,1
6347,4
6348,0
6349,4
6350,0
6351,1
6352,2
6353,1
6354,0
6355,5
6356,6
6357,3
6358,2
6359,0
6360,1
6361,3
6362,3
6363,7
6364,2
6365,4
6366,6
6367,0
6368,2
6369,1
6370,0
6371,2
6372,6
6373,0
6374,4
6375,4
6376,6
6377,3
6378,3
6379,0
6380,1
6381,2
6382,1
6383,7
6384,1
6385,0
6386,5
6387,0
6388,2
6389,0
6390,2
6391,5
6392,1
6393,1
6394,1
6395,1
6396,1
6397,3
6398,1
6399,6
6400,1
6401,2
6402,1
6403,3
6404,0
6405,4
6406,5
6407,2
6408,6
6409,7
6410,2
6411,2
6412,4
6413,1
6414,0
6415,3
6416,1
6417,1
6418,5
6419,0
6420,2
6421,0
6422,7
6423,0
6424,5
6425,2
6426,2
6427,6
6428,0
6429,8
6430,4
6431,0
6432,4
6433,0
6434,2
6435,4
6436,1
6437,3
6438,0
6439,2
6440,7
6441,1
6442,7
6443,1
6444,2
6445,4
6446,1
6447,3
6448,4
6449,4
6450,1
6451,1
6452,6
6453,3
6454,0
6455,5
6456,2
6457,1
6458,4
6459,3
6460,2
6461,2
6462,3
6463,4
6464,2
6465,0
6466,1
6467,1
6468,2
6469,3
6470,2
6471,3
6472,2
6473,2
6474,3
6475,1
6476,1
6477,2
6478,1
6479,1
6480,3
6481,5
6482,3
6483,2
6484,1
6485,2
6486,1
6487,1
6488,1
6489,4
6490,1
6491,2
6492,0
6493,1
6494,3
6495,4
6496,5
6497,2
6498,3
6499,0
6500,1
6501,4
6502,2
6503,1
6504,0
6505,2
6506,1
6507,2
6508,4
6509,0
6510,1
6511,1
6512,3
6513,3
6514,3
6515,2
6516,0
6517,2
6518,5
6519,3
6520,1
6521,0
6522,4
6523,5
6524,5
6525,3
6526,4
6527,4
6528,1
6529,2
6530,2
6531,7
6532,1
6533,1
6534,5
6535,1
6536,4
6537,2
6538,0
6539,3
6540,2
6541,7
6542,0
6543,4
6544,3
6545,0
6546,2
6547,4
6548,3
6549,1
6550,1
6551,0
6552,1
6553,4
6554,0
6555,2
6556,3
6557,1
6558,3
6559,1
6560,2
6561,3
6562,0
6563,2
6564,0
6565,2
6566,4
6567,1
6568,3
6569,1
6570,1
6571,1
6572,0
6573,0
6574,5
6575,2
6576,3
6577,1
6578,2
6579,1
6580,1
6581,0
6582,4
6583,4
6584,3
6585,2
6586,0
6587,3
6588,3
6589,1
6590,1
6591,3
6592,1
6593,0
6594,1
6595,2
6596,7
6597,2
6598,2
6599,2
6600,4
6601,3
6602,2
6603,4
6604,3
6605,2
6606,0
6607,4
6608,2
6609,3
6610,1
6611,0
6612,3
6613,1
6614,1
6615,3
6616,1
6617,4
6618,1
6619,4
6620,1
6621,3
6622,1
6623,0
6624,1
6625,3
6626,0
6627,2
6628,4
6629,5
6630,4
6631,3
6632,3
6633,2
6634,0
6635,1
6636,3
6637,4
6638,3
6639,3
6640,5
6641,1
6642,2
6643,3
6644,2
6645,5
6646,2
6647,0
6648,2
6649,4
6650,4
6651,1
6652,1
6653,5
6654,1
6655,1
6656,4
6657,4
6658,6
6659,0
6660,2
6661,2
6662,2
6663,0
6664,1
6665,4
6666,2
6667,3
6668,2
6669,2
6670,1
6671,2
6672,1
6673,3
6674,1
6675,7
6676,2
6677,1
6678,4
6679,3
6680,0
6681,7
6682,6
6683,1
6684,3
6685,2
6686,0
6687,1
6688,1
6689,4
6690,0
6691,2
6692,3
6693,2
6694,4
6695,3
6696,2
6697,1
6698,3
6699,0
6700,1
6701,2
6702,3
6703,0
6704,1
6705,1
6706,3
6707,4
6708,4
6709,1
6710,1
6711,3
6712,1
6713,2
6714,0
6715,2
6716,1
6717,0
6718,5
6719,3
6720,2
6721,2
6722,1
6723,3
6724,5
6725,2
6726,1
6727,4
6728,3
6729,5
6730,0
6731,1
6732,3
6733,1
6734,3
6735,1
6736,4
6737,2
6738,3
6739,2
6740,2
6741,2
6742,0
6743,1
6744,1
6745,0
6746,1
6747,5
6748,2
6749,8
6750,4
6751,1
6752,0
6753,3
6754,4
6755,2
6756,3
6757,6
6758,1
6759,0
6760,2
6761,3
6762,3
6763,2
6764,0
6765,1
6766,0
6767,4
6768,0
6769,3
6770,0
6771,1
6772,3
6773,5
6774,1
6775,1
6776,2
6777,1
6778,0
6779,1
6780,6
6781,2
6782,1
6783,0
6784,0
6785,7
6786,3
6787,2
6788,7
6789,4
6790,5
6791,0
6792,1
6793,4
6794,2
6795,0
6796,3
6797,5
6798,0
6799,2
6800,0
6801,1
6802,1
6803,3
6804,2
6805,2
6806,6
6807,0
6808,1
6809,1
6810,0
6811,3
6812,4
6813,2
6814,2
6815,0
6816,2
6817,2
6818,2
6819,2
6820,5
6821,6
6822,3
6823,5
6824,4
6825,3
6826,3
6827,1
6828,5
6829,2
6830,4
6831,2
6832,3
6833,3
6834,0
6835,2
6836,1
6837,3
6838,0
6839,0
6840,4
6841,1
6842,0
6843,1
6844,0
6845,1
6846,1
6847,3
6848,3
6849,0
6850,2
6851,1
6852,2
6853,1
6854,8
6855,3
6856,1
6857,1
6858,4
6859,5
6860,6
6861,3
6862,2
6863,3
6864,4
6865,0
6866,7
6867,5
6868,3
6869,4
6870,1
6871,2
6872,1
6873,2
6874,3
6875,1
6876,4
6877,1
6878,4
6879,3
6880,4
6881,4
6882,4
6883,6
6884,1
6885,2
6886,0
6887,3
6888,0
6889,4
6890,1
6891,2
6892,0
6893,3
6894,2
6895,0
6896,3
6897,5
6898,4
6899,1
6900,1
6901,2
6902,0
6903,1
6904,2
6905,6
6906,2
6907,4
6908,3
6909,1
6910,3
6911,6
6912,0
6913,2
6914,5
6915,3
6916,3
6917,1
6918,4
6919,1
6920,3
6921,2
6922,0
6923,2
6924,2
6925,1
6926,0
6927,7
6928,4
6929,1
6930,7
6931,3
6932,2
6933,6
6934,0
6935,3
6936,2
6937,0
6938,0
6939,1
6940,0
6941,0
6942,2
6943,2
6944,2
6945,3
6946,4
6947,3
6948,7
6949,6
6950,3
6951,1
6952,1
6953,2
6954,2
6955,3
6956,0
6957,2
6958,3
6959,3
6960,3
6961,1
6962,0
6963,0
6964,6
6965,1
6966,3
6967,2
6968,3
6969,5
6970,2
6971,3
6972,2
6973,2
6974,3
6975,1
6976,1
6977,2
6978,2
6979,2
6980,3
6981,5
6982,3
6983,4
6984,4
6985,1
6986,4
6987,2
6988,1
6989,6
6990,1
6991,1
6992,1
6993,3
6994,0
6995,3
6996,0
6997,5
6998,6
6999,3
7000,1
7001,4
7002,6
7003,1
7004,2
7005,0
7006,2
7007,1
7008,2
7009,2
7010,2
7011,2
7012,2
7013,3
7014,0
7015,1
7016,5
7017,2
7018,4
7019,2
7020,0
7021,7
7022,2
7023,3
7024,1
7025,1
7026,3
7027,1
7028,5
7029,3
7030,2
7031,3
7032,4
7033,5
7034,6
7035,2
7036,3
7037,8
7038,4
7039,3
7040,6
7041,2
7042,1
7043,2
7044,5
7045,0
7046,0
7047,5
7048,3
7049,9
7050,1
7051,0
7052,5
7053,2
7054,1
7055,3
7056,0
7057,1
7058,4
7059,2
7060,1
7061,4
7062,6
7063,1
7064,3
7065,1
7066,4
7067,1
7068,2
7069,1
7070,6
7071,1
7072,2
7073,2
7074,3
7075,2
7076,2
7077,2
7078,1
7079,2
7080,2
7081,2
7082,2
7083,2
7084,3
7085,2
7086,2
7087,4
7088,3
7089,5
7090,2
7091,3
7092,2
7093,0
7094,1
7095,2
7096,2
7097,2
7098,6
7099,2
7100,2
7101,1
7102,2
7103,4
7104,4
7105,4
7106,1
7107,5
7108,1
7109,0
7110,1
7111,6
7112,3
7113,1
7114,2
7115,5
7116,2
7117,4
7118,3
7119,0
7120,0
7121,0
7122,2
7123,1
7124,5
7125,2
7126,0
7127,1
7128,4
7129,3
7130,7
7131,5
7132,1
7133,3
7134,0
7135,7
7136,2
7137,6
7138,5
7139,1
7140,4
7141,1
7142,2
7143,6
7144,3
7145,1
7146,6
7147,4
7148,2
7149,3
7150,6
7151,6
7152,3
7153,4
7154,1
7155,0
7156,0
7157,3
7158,3
7159,0
7160,2
7161,6
7162,5
7163,2
7164,5
7165,4
7166,2
7167,1
7168,3
7169,3
7170,5
7171,1
7172,1
7173,3
7174,2
7175,2
7176,3
7177,1
7178,4
7179,0
7180,0
7181,1
7182,0
7183,4
7184,4
7185,6
7186,4
7187,3
7188,2
7189,4
7190,2
7191,2
7192,1
7193,1
7194,6
7195,1
7196,2
7197,2
7198,1
7199,1
7200,4
7201,4
7202,4
7203,1
7204,0
7205,3
7206,1
7207,4
7208,0
7209,1
7210,3
7211,0
7212,0
7213,3
7214,1
7215,4
7216,2
7217,2
7218,0
7219,2
7220,0
7221,6
7222,3
7223,3
7224,0
7225,0
7226,9
7227,3
7228,1
7229,1
7230,0
7231,3
7232,0
7233,6
7234,4
7235,6
7236,0
7237,1
7238,1
7239,2
7240,2
7241,1
7242,3
7243,2
7244,0
7245,4
7246,3
7247,4
7248,4
7249,1
7250,2
7251,4
7252,2
7253,1
7254,3
7255,5
7256,2
7257,0
7258,8
7259,0
7260,0
7261,6
7262,0
7263,3
7264,4
7265,1
7266,1
7267,0
7268,3
7269,3
7270,2
7271,2
7272,5
7273,2
7274,4
7275,4
7276,2
7277,4
7278,4
7279,3
7280,4
7281,3
7282,1
7283,5
7284,1
7285,0
7286,4
7287,0
7288,0
7289,4
7290,5
7291,1
7292,2
7293,6
7294,3
7295,5
7296,5
7297,1
7298,3
7299,4
7300,1
7301,0
7302,0
7303,1
7304,0
7305,3
7306,3
7307,1
7308,2
7309,3
7310,2
7311,4
7312,4
7313,3
7314,2
7315,6
7316,2
7317,3
7318,2
7319,2
7320,3
7321,3
7322,3
7323,2
7324,7
7325,3
7326,4
7327,2
7328,1
7329,5
7330,0
7331,4
7332,1
7333,0
7334,6
7335,1
7336,0
7337,6
7338,0
7339,1
7340,0
7341,3
7342,5
7343,6
7344,5
7345,1
7346,4
7347,3
7348,3
7349,3
7350,0
7351,3
7352,2
7353,1
7354,3
7355,1
7356,1
7357,6
7358,2
7359,5
7360,2
7361,0
7362,1
7363,2
7364,2
7365,3
7366,2
7367,1
7368,3
7369,0
7370,2
7371,2
7372,4
7373,1
7374,2
7375,5
7376,5
7377,1
7378,1
7379,4
7380,2
7381,1
7382,2
7383,0
7384,3
7385,3
7386,2
7387,3
7388,3
7389,2
7390,1
7391,3
7392,3
7393,4
7394,3
7395,3
7396,4
7397,4
7398,4
7399,1
7400,2
7401,3
7402,8
7403,1
7404,4
7405,2
7406,6
7407,3
7408,6
7409,2
7410,1
7411,3
7412,4
7413,4
7414,3
7415,1
7416,0
7417,2
7418,2
7419,3
7420,2
7421,3
7422,2
7423,2
7424,4
7425,0
7426,5
7427,3
7428,3
7429,6
7430,5
7431,2
7432,5
7433,4
7434,1
7435,3
7436,3
7437,1
7438,4
7439,3
7440,1
7441,1
7442,4
7443,2
7444,2
7445,1
7446,1
7447,3
7448,3
7449,2
7450,2
7451,3
7452,0
7453,8
7454,4
7455,5
7456,3
7457,3
7458,0
7459,1
7460,3
7461,1
7462,0
7463,1
7464,2
7465,4
7466,3
7467,3
7468,0
7469,1
7470,7
7471,4
7472,4
7473,2
7474,2
7475,5
7476,2
7477,0
7478,2
7479,3
7480,4
7481,1
7482,2
7483,4
7484,2
7485,2
7486,4
7487,3
7488,2
7489,3
7490,1
7491,1
7492,4
7493,1
7494,2
7495,4
7496,2
7497,6
7498,5
7499,4
7500,2
7501,3
7502,4
7503,1
7504,1
7505,4
7506,1
7507,4
7508,4
7509,2
7510,3
7511,3
7512,1
7513,4
7514,3
7515,5
7516,3
7517,3
7518,1
7519,3
7520,3
7521,5
7522,2
7523,5
7524,1
7525,2
7526,2
7527,4
7528,1
7529,2
7530,1
7531,7
7532,2
7533,1
7534,3
7535,0
7536,5
7537,0
7538,4
7539,1
7540,2
7541,2
7542,2
7543,4
7544,1
7545,2
7546,5
7547,0
7548,3
7549,1
7550,1
7551,3
7552,1
7553,1
7554,3
7555,3
7556,1
7557,4
7558,6
7559,5
7560,3
7561,7
7562,1
7563,3
7564,7
7565,1
7566,1
7567,6
7568,2
7569,1
7570,4
7571,3
7572,1
7573,3
7574,2
7575,1
7576,6
7577,1
7578,2
7579,2
7580,3
7581,0
7582,1
7583,4
7584,3
7585,1
7586,1
7587,2
7588,0
7589,4
7590,4
7591,2
7592,2
7593,2
7594,2
7595,1
7596,2
7597,3
7598,4
7599,1
7600,0
7601,0
7602,1
7603,2
7604,1
7605,1
7606,6
7607,3
7608,1
7609,2
7610,2
7611,3
7612,2
7613,2
7614,3
7615,3
7616,1
7617,3
7618,0
7619,4
7620,2
7621,1
7622,5
7623,3
7624,2
7625,2
7626,8
7627,5
7628,3
7629,2
7630,2
7631,3
7632,1
7633,5
7634,3
7635,2
7636,3
7637,1
7638,3
7639,1
7640,2
7641,5
7642,3
7643,1
7644,1
7645,1
7646,2
7647,4
7648,2
7649,4
7650,4
7651,1
7652,2
7653,5
7654,7
7655,4
7656,0
7657,1
7658,1
7659,1
7660,0
7661,3
7662,1
7663,1
7664,1
7665,2
7666,2
7667,1
7668,7
7669,1
7670,2
7671,1
7672,1
7673,4
7674,3
7675,2
7676,1
7677,1
7678,2
7679,6
7680,1
7681,0
7682,2
7683,1
7684,2
7685,2
7686,1
7687,2
7688,5
7689,1
7690,1
7691,3
7692,3
7693,5
7694,2
7695,3
7696,6
7697,2
7698,5
7699,2
7700,4
7701,6
7702,4
7703,1
7704,2
7705,3
7706,3
7707,1
7708,5
7709,2
7710,3
7711,2
7712,3
7713,0
7714,2
7715,4
7716,3
7717,4
7718,3
7719,3
7720,4
7721,3
7722,8
7723,6
7724,1
7725,1
7726,3
7727,0
7728,5
7729,5
7730,4
7731,3
7732,1
7733,0
7734,1
7735,2
7736,4
7737,0
7738,5
7739,2
7740,3
7741,3
7742,1
7743,2
7744,5
7745,6
7746,1
7747,1
7748,3
7749,3
7750,1
7751,5
7752,3
7753,3
7754,2
7755,1
7756,1
7757,3
7758,1
7759,1
7760,1
7761,4
7762,1
7763,2
7764,1
7765,2
7766,2
7767,1
7768,1
7769,0
7770,3
7771,1
7772,3
7773,1
7774,1
7775,1
7776,3
7777,3
7778,2
7779,0
7780,5
7781,0
7782,1
7783,1
7784,3
7785,4
7786,3
7787,2
7788,1
7789,1
7790,0
7791,2
7792,7
7793,5
7794,2
7795,1
7796,0
7797,3
7798,1
7799,2
7800,0
7801,4
7802,1
7803,4
7804,3
7805,3
7806,3
7807,1
7808,3
7809,3
7810,3
7811,0
7812,5
7813,4
7814,0
7815,4
7816,3
7817,2
7818,1
7819,2
7820,7
7821,3
7822,2
7823,6
7824,5
7825,2
7826,1
7827,7
7828,2
7829,5
7830,0
7831,2
7832,0
7833,7
7834,2
7835,2
7836,3
7837,4
7838,2
7839,1
7840,0
7841,1
7842,1
7843,5
7844,4
7845,1
7846,2
7847,2
7848,1
7849,4
7850,1
7851,5
7852,3
7853,1
7854,2
7855,2
7856,4
7857,1
7858,2
7859,5
7860,2
7861,6
7862,3
7863,2
7864,1
7865,3
7866,2
7867,5
7868,5
7869,0
7870,7
7871,1
7872,3
7873,2
7874,3
7875,2
7876,4
7877,5
7878,1
7879,4
7880,3
7881,6
7882,3
7883,2
7884,2
7885,4
7886,0
7887,4
7888,4
7889,2
7890,0
7891,3
7892,2
7893,0
7894,1
7895,0
7896,7
7897,2
7898,5
7899,0
7900,3
7901,2
7902,6
7903,6
7904,5
7905,1
7906,1
7907,1
7908,0
7909,0
7910,4
7911,5
7912,3
7913,8
7914,3
7915,3
7916,2
7917,0
7918,4
7919,2
7920,2
7921,3
7922,2
7923,1
7924,4
7925,3
7926,1
7927,1
7928,6
7929,4
7930,1
7931,0
7932,3
7933,0
7934,2
7935,2
7936,1
7937,2
7938,5
7939,8
7940,2
7941,2
7942,3
7943,1
7944,0
7945,6
7946,2
7947,1
7948,2
7949,0
7950,3
7951,0
7952,1
7953,4
7954,1
7955,4
7956,1
7957,2
7958,1
7959,3
7960,0
7961,1
7962,3
7963,1
7964,1
7965,6
7966,1
7967,5
7968,5
7969,3
7970,4
7971,0
7972,1
7973,7
7974,5
7975,0
7976,5
7977,1
7978,1
7979,4
7980,0
7981,1
7982,1
7983,2
7984,1
7985,4
7986,0
7987,0
7988,5
7989,2
7990,4
7991,0
7992,4
7993,3
7994,2
7995,1
7996,2
7997,3
7998,5
7999,1
8000,1
8001,4
8002,3
8003,4
8004,1
8005,1
8006,4
8007,1
8008,2
8009,0
8010,0
8011,3
8012,2
8013,1
8014,1
8015,3
8016,2
8017,5
8018,3
8019,0
8020,3
8021,4
8022,2
8023,3
8024,2
8025,2
8026,0
8027,3
8028,1
8029,1
8030,3
8031,0
8032,2
8033,5
8034,1
8035,2
8036,4
8037,3
8038,3
8039,2
8040,3
8041,5
8042,4
8043,4
8044,7
8045,2
8046,0
8047,1
8048,4
8049,1
8050,7
8051,2
8052,7
8053,3
8054,5
8055,1
8056,1
8057,1
8058,0
8059,1
8060,2
8061,2
8062,2
8063,3
8064,6
8065,1
8066,1
8067,2
8068,2
8069,2
8070,2
8071,4
8072,4
8073,4
8074,3
8075,2
8076,1
8077,2
8078,0
8079,2
8080,1
8081,4
8082,2
8083,2
8084,3
8085,2
8086,1
8087,0
8088,2
8089,3
8090,1
8091,2
8092,0
8093,3
8094,0
8095,1
8096,1
8097,7
8098,4
8099,4
8100,1
8101,2
8102,2
8103,1
8104,2
8105,0
8106,1
8107,3
8108,3
8109,0
8110,5
8111,5
8112,1
8113,5
8114,3
8115,3
8116,3
8117,1
8118,0
8119,2
8120,2
8121,2
8122,1
8123,0
8124,5
8125,4
8126,3
8127,0
8128,3
8129,2
8130,0
8131,2
8132,4
8133,1
8134,1
8135,1
8136,2
8137,5
8138,5
8139,4
8140,2
8141,3
8142,3
8143,2
8144,2
8145,3
8146,1
8147,0
8148,0
8149,4
8150,1
8151,1
8152,0
8153,2
8154,1
8155,3
8156,2
8157,2
8158,2
8159,1
8160,6
8161,1
8162,1
8163,5
8164,2
8165,0
8166,3
8167,3
8168,4
8169,4
8170,0
8171,0
8172,5
8173,2
8174,0
8175,7
8176,0
8177,4
8178,2
8179,2
8180,1
8181,5
8182,5
8183,3
8184,5
8185,1
8186,5
8187,5
8188,4
8189,3
8190,3
8191,4
8192,3
8193,0
8194,1
8195,5
8196,0
8197,6
8198,1
8199,3
8200,4
8201,2
8202,0
8203,1
8204,3
8205,5
8206,2
8207,4
8208,7
8209,6
8210,2
8211,4
8212,2
8213,1
8214,5
8215,0
8216,4
8217,0
8218,1
8219,2
8220,3
8221,2
8222,5
8223,2
8224,7
8225,4
8226,8
8227,3
8228,0
8229,1
8230,3
8231,3
8232,2
8233,1
8234,0
8235,0
8236,4
8237,3
8238,3
8239,3
8240,1
8241,2
8242,2
8243,2
8244,1
8245,3
8246,0
8247,6
8248,4
8249,5
8250,6
8251,1
8252,3
8253,5
8254,0
8255,1
8256,4
8257,1
8258,2
8259,1
8260,5
8261,5
8262,2
8263,5
8264,6
8265,2
8266,1
8267,4
8268,1
8269,2
8270,4
8271,4
8272,2
8273,2
8274,1
8275,5
8276,5
8277,7
8278,0
8279,1
8280,0
8281,3
8282,2
8283,0
8284,2
8285,0
8286,3
8287,2
8288,2
8289,2
8290,4
8291,1
8292,2
8293,4
8294,4
8295,3
8296,2
8297,2
8298,2
8299,2
8300,1
8301,1
8302,2
8303,1
8304,5
8305,6
8306,2
8307,2
8308,3
8309,0
8310,3
8311,0
8312,2
8313,2
8314,1
8315,4
8316,2
8317,2
8318,2
8319,3
8320,2
8321,2
8322,5
8323,0
8324,2
8325,3
8326,3
8327,6
8328,1
8329,2
8330,5
8331,3
8332,0
8333,2
8334,2
8335,1
8336,5
8337,2
8338,3
8339,4
8340,3
8341,5
8342,2
8343,1
8344,0
8345,5
8346,2
8347,3
8348,1
8349,6
8350,1
8351,3
8352,4
8353,3
8354,1
8355,4
8356,0
8357,5
8358,0
8359,6
8360,1
8361,3
8362,3
8363,1
8364,3
8365,2
8366,2
8367,0
8368,1
8369,5
8370,1
8371,4
8372,1
8373,1
8374,2
8375,4
8376,4
8377,4
8378,5
8379,1
8380,2
8381,8
8382,0
8383,0
8384,1
8385,1
8386,2
8387,7
8388,1
8389,2
8390,2
8391,0
8392,1
8393,2
8394,3
8395,0
8396,2
8397,1
8398,2
8399,1
8400,3
8401,5
8402,3
8403,1
8404,2
8405,2
8406,0
8407,2
8408,0
8409,0
8410,1
8411,1
8412,3
8413,4
8414,0
8415,3
8416,3
8417,4
8418,1
8419,3
8420,5
8421,5
8422,1
8423,1
8424,1
8425,3
8426,1
8427,4
8428,3
8429,3
8430,0
8431,0
8432,6
8433,6
8434,3
8435,3
8436,5
8437,4
8438,2
8439,5
8440,4
8441,0
8442,4
8443,5
8444,2
8445,5
8446,0
8447,0
8448,1
8449,3
8450,2
8451,4
8452,1
8453,1
8454,2
8455,2
8456,1
8457,3
8458,5
8459,5
8460,3
8461,0
8462,5
8463,2
8464,4
8465,4
8466,2
8467,5
8468,3
8469,2
8470,1
8471,4
8472,2
8473,2
8474,2
8475,1
8476,1
8477,2
8478,2
8479,1
8480,2
8481,6
8482,3
8483,0
8484,2
8485,3
8486,1
8487,1
8488,3
8489,1
8490,0
8491,0
8492,2
8493,1
8494,4
8495,3
8496,1
8497,2
8498,2
8499,3
8500,2
8501,1
8502,3
8503,2
8504,0
8505,5
8506,0
8507,0
8508,0
8509,2
8510,6
8511,2
8512,1
8513,3
8514,1
8515,1
8516,1
8517,1
8518,0
8519,1
8520,0
8521,5
8522,3
8523,2
8524,3
8525,2
8526,3
8527,2
8528,2
8529,4
8530,1
8531,1
8532,2
8533,1
8534,0
8535,2
8536,0
8537,4
8538,5
8539,1
8540,3
8541,6
8542,0
8543,1
8544,3
8545,2
8546,4
8547,2
8548,2
8549,1
8550,3
8551,3
8552,1
8553,0
8554,1
8555,2
8556,1
8557,5
8558,3
8559,2
8560,0
8561,5
8562,4
8563,2
8564,3
8565,3
8566,1
8567,6
8568,0
8569,1
8570,1
8571,2
8572,1
8573,3
8574,1
8575,0
8576,4
8577,1
8578,2
8579,3
8580,1
8581,3
8582,4
8583,4
8584,2
8585,4
8586,1
8587,1
8588,2
8589,2
8590,5
8591,2
8592,2
8593,2
8594,2
8595,0
8596,1
8597,0
8598,4
8599,1
8600,3
8601,2
8602,1
8603,0
8604,4
8605,6
8606,2
8607,6
8608,2
8609,6
8610,1
8611,2
8612,0
8613,0
8614,0
8615,5
8616,2
8617,1
8618,2
8619,1
8620,2
8621,2
8622,6
8623,0
8624,3
8625,4
8626,2
8627,2
8628,3
8629,2
8630,2
8631,2
8632,6
8633,2
8634,1
8635,0
8636,1
8637,1
8638,4
8639,3
8640,4
8641,1
8642,3
8643,2
8644,3
8645,4
8646,2
8647,3
8648,3
8649,2
8650,4
8651,1
8652,7
8653,3
8654,3
8655,4
8656,1
8657,3
8658,2
8659,1
8660,2
8661,3
8662,3
8663,2
8664,1
8665,3
8666,4
8667,4
8668,5
8669,1
8670,1
8671,0
8672,3
8673,2
8674,4
8675,7
8676,3
8677,1
8678,2
8679,2
8680,1
8681,5
8682,6
8683,2
8684,7
8685,3
8686,2
8687,2
8688,5
8689,4
8690,1
8691,4
8692,1
8693,3
8694,1
8695,5
8696,2
8697,3
8698,5
8699,0
8700,2
8701,3
8702,2
8703,2
8704,2
8705,2
8706,1
8707,2
8708,1
8709,2
8710,0
8711,2
8712,6
8713,1
8714,6
8715,3
8716,1
8717,4
8718,4
8719,3
8720,2
8721,2
8722,4
8723,2
8724,1
8725,4
8726,1
8727,3
8728,3
8729,1
8730,3
8731,3
8732,4
8733,2
8734,3
8735,1
8736,4
8737,2
8738,1
8739,1
8740,2
8741,6
8742,2
8743,4
8744,1
8745,5
8746,0
8747,1
8748,1
8749,1
8750,0
8751,0
8752,1
8753,2
8754,1
8755,2
8756,0
8757,2
8758,4
8759,3
8760,6
8761,0
8762,3
8763,3
8764,7
8765,3
8766,4
8767,0
8768,1
8769,1
8770,3
8771,3
8772,1
8773,0
8774,3
8775,5
8776,1
8777,6
8778,1
8779,2
8780,3
8781,2
8782,3
8783,3
8784,3
8785,4
8786,0
8787,2
8788,1
8789,3
8790,2
8791,2
8792,5
8793,0
8794,2
8795,2
8796,3
8797,4
8798,2
8799,6
8800,2
8801,5
8802,5
8803,3
8804,3
8805,1
8806,1
8807,0
8808,3
8809,2
8810,4
8811,4
8812,2
8813,2
8814,4
8815,0
8816,2
8817,3
8818,4
8819,5
8820,1
8821,2
8822,4
8823,3
8824,2
8825,5
8826,2
8827,5
8828,2
8829,0
8830,1
8831,2
8832,1
8833,0
8834,2
8835,3
8836,1
8837,4
8838,1
8839,3
8840,1
8841,3
8842,3
8843,2
8844,4
8845,1
8846,3
8847,2
8848,5
8849,2
8850,1
8851,3
8852,7
8853,4
8854,0
8855,0
8856,2
8857,4
8858,2
8859,5
8860,0
8861,3
8862,0
8863,1
8864,3
8865,6
8866,3
8867,1
8868,3
8869,1
8870,2
8871,3
8872,1
8873,2
8874,1
8875,1
8876,3
8877,5
8878,3
8879,4
8880,8
8881,1
8882,2
8883,3
8884,2
8885,1
8886,4
8887,1
8888,5
8889,5
8890,1
8891,7
8892,3
8893,2
8894,5
8895,3
8896,1
8897,3
8898,3
8899,2
8900,4
8901,6
8902,4
8903,3
8904,5
8905,0
8906,3
8907,2
8908,2
8909,3
8910,2
8911,0
8912,2
8913,1
8914,5
8915,2
8916,0
8917,2
8918,2
8919,1
8920,3
8921,6
8922,1
8923,3
8924,2
8925,1
8926,4
8927,6
8928,3
8929,1
8930,1
8931,0
8932,0
8933,0
8934,2
8935,1
8936,3
8937,1
8938,4
8939,3
8940,3
8941,3
8942,3
8943,1
8944,1
8945,2
8946,1
8947,2
8948,3
8949,1
8950,3
8951,1
8952,1
8953,0
8954,3
8955,5
8956,1
8957,1
8958,2
8959,6
8960,1
8961,2
8962,2
8963,5
8964,0
8965,4
8966,2
8967,2
8968,3
8969,6
8970,0
8971,4
8972,1
8973,3
8974,2
8975,2
8976,2
8977,5
8978,4
8979,2
8980,2
8981,4
8982,2
8983,0
8984,6
8985,1
8986,5
8987,4
8988,2
8989,1
8990,2
8991,3
8992,2
8993,0
8994,0
8995,4
8996,6
8997,0
8998,2
8999,4
9000,0
9001,0
9002,2
9003,4
9004,2
9005,3
9006,1
9007,0
9008,0
9009,4
9010,1
9011,5
9012,3
9013,4
9014,0
9015,0
9016,4
9017,1
9018,1
9019,3
9020,2
9021,1
9022,4
9023,3
9024,4
9025,1
9026,0
9027,1
9028,1
9029,3
9030,4
9031,6
9032,2
9033,1
9034,2
9035,2
9036,2
9037,2
9038,1
9039,3
9040,8
9041,5
9042,4
9043,4
9044,2
9045,3
9046,4
9047,1
9048,4
9049,6
9050,5
9051,3
9052,1
9053,1
9054,7
9055,1
9056,4
9057,1
9058,1
9059,1
9060,4
9061,1
9062,1
9063,3
9064,1
9065,3
9066,1
9067,1
9068,2
9069,1
9070,3
9071,3
9072,4
9073,0
9074,0
9075,3
9076,0
9077,3
9078,3
9079,2
9080,1
9081,4
9082,5
9083,5
9084,3
9085,2
9086,1
9087,1
9088,0
9089,2
9090,2
9091,7
9092,3
9093,1
9094,5
9095,2
9096,5
9097,1
9098,1
9099,1
9100,6
9101,0
9102,4
9103,3
9104,1
9105,3
9106,1
9107,1
9108,2
9109,1
9110,1
9111,4
9112,2
9113,3
9114,5
9115,1
9116,6
9117,0
9118,2
9119,3
9120,2
9121,2
9122,1
9123,3
9124,1
9125,3
9126,1
9127,0
9128,6
9129,3
9130,3
9131,4
9132,0
9133,1
9134,1
9135,4
9136,4
9137,2
9138,6
9139,4
9140,2
9141,3
9142,3
9143,1
9144,0
9145,1
9146,2
9147,1
9148,5
9149,0
9150,3
9151,2
9152,0
9153,0
9154,2
9155,4
9156,2
9157,5
9158,5
9159,3
9160,5
9161,0
9162,3
9163,6
9164,4
9165,4
9166,1
9167,2
9168,1
9169,5
9170,3
9171,4
9172,0
9173,4
9174,2
9175,3
9176,1
9177,2
9178,3
9179,6
9180,1
9181,1
9182,5
9183,3
9184,8
9185,2
9186,5
9187,2
9188,4
9189,0
9190,4
9191,3
9192,2
9193,3
9194,2
9195,2
9196,1
9197,0
9198,2
9199,2
9200,3
9201,1
9202,1
9203,3
9204,1
9205,4
9206,5
9207,3
9208,2
9209,1
9210,0
9211,0
9212,1
9213,2
9214,3
9215,3
9216,2
9217,2
9218,3
9219,7
9220,5
9221,3
9222,2
9223,4
9224,3
9225,2
9226,2
9227,2
9228,0
9229,3
9230,0
9231,2
9232,2
9233,2
9234,4
9235,2
9236,5
9237,4
9238,4
9239,8
9240,2
9241,5
9242,0
9243,0
9244,4
9245,4
9246,1
9247,0
9248,5
9249,4
9250,2
9251,4
9252,3
9253,1
9254,3
9255,2
9256,5
9257,2
9258,2
9259,3
9260,2
9261,5
9262,5
9263,0
9264,4
9265,2
9266,5
9267,5
9268,2
9269,5
9270,5
9271,1
9272,4
9273,3
9274,4
9275,5
9276,2
9277,3
9278,1
9279,4
9280,4
9281,2
9282,2
9283,2
9284,1
9285,3
9286,5
9287,2
9288,1
9289,3
9290,1
9291,2
9292,1
9293,4
9294,3
9295,2
9296,3
9297,6
9298,1
9299,2
9300,1
9301,8
9302,1
9303,1
9304,3
9305,3
9306,5
9307,0
9308,4
9309,2
9310,1
9311,0
9312,1
9313,3
9314,4
9315,3
9316,1
9317,0
9318,2
9319,1
9320,3
9321,3
9322,2
9323,2
9324,2
9325,5
9326,3
9327,3
9328,1
9329,4
9330,5
9331,4
9332,5
9333,5
9334,3
9335,2
9336,1
9337,0
9338,3
9339,2
9340,2
9341,2
9342,3
9343,2
9344,2
9345,0
9346,3
9347,0
9348,2
9349,0
9350,7
9351,1
9352,1
9353,4
9354,4
9355,3
9356,0
9357,2
9358,5
9359,2
9360,4
9361,4
9362,1
9363,1
9364,2
9365,1
9366,8
9367,6
9368,6
9369,2
9370,2
9371,2
9372,3
9373,1
9374,3
9375,3
9376,0
9377,3
9378,4
9379,6
9380,3
9381,3
9382,1
9383,1
9384,2
9385,1
9386,2
9387,1
9388,1
9389,3
9390,2
9391,2
9392,0
9393,2
9394,2
9395,1
9396,2
9397,4
9398,3
9399,0
9400,5
9401,0
9402,2
9403,3
9404,1
9405,6
9406,2
9407,5
9408,4
9409,2
9410,3
9411,0
9412,5
9413,1
9414,1
9415,1
9416,2
9417,5
9418,1
9419,0
9420,2
9421,7
9422,0
9423,1
9424,0
9425,2
9426,1
9427,2
9428,1
9429,1
9430,4
9431,3
9432,2
9433,2
9434,5
9435,0
9436,1
9437,0
9438,1
9439,4
9440,3
9441,2
9442,4
9443,2
9444,1
9445,0
9446,6
9447,2
9448,0
9449,3
9450,3
9451,0
9452,5
9453,7
9454,8
9455,5
9456,3
9457,4
9458,5
9459,1
9460,2
9461,0
9462,3
9463,0
9464,0
9465,2
9466,8
9467,0
9468,0
9469,3
9470,1
9471,4
9472,5
9473,6
9474,6
9475,1
9476,3
9477,1
9478,2
9479,6
9480,1
9481,4
9482,2
9483,0
9484,2
9485,0
9486,4
9487,3
9488,2
9489,6
9490,3
9491,2
9492,4
9493,2
9494,3
9495,4
9496,1
9497,3
9498,2
9499,1
9500,4
9501,3
9502,1
9503,1
9504,2
9505,1
9506,0
9507,1
9508,0
9509,2
9510,2
9511,1
9512,3
9513,1
9514,0
9515,1
9516,2
9517,2
9518,0
9519,3
9520,3
9521,2
9522,1
9523,6
9524,2
9525,4
9526,2
9527,4
9528,2
9529,4
9530,3
9531,2
9532,5
9533,1
9534,3
9535,5
9536,4
9537,3
9538,1
9539,5
9540,1
9541,4
9542,4
9543,1
9544,2
9545,3
9546,3
9547,1
9548,0
9549,10
9550,1
9551,0
9552,3
9553,0
9554,3
9555,1
9556,4
9557,3
9558,2
9559,3
9560,5
9561,1
9562,4
9563,5
9564,2
9565,4
9566,3
9567,0
9568,1
9569,1
9570,0
9571,0
9572,4
9573,2
9574,1
9575,2
9576,0
9577,1
9578,0
9579,1
9580,4
9581,0
9582,2
9583,3
9584,1
9585,4
9586,1
9587,0
9588,3
9589,2
9590,3
9591,2
9592,3
9593,3
9594,4
9595,1
9596,1
9597,1
9598,2
9599,1
9600,4
9601,2
9602,2
9603,4
9604,1
9605,2
9606,2
9607,2
9608,1
9609,3
9610,3
9611,1
9612,1
9613,1
9614,2
9615,4
9616,6
9617,0
9618,1
9619,0
9620,3
9621,2
9622,1
9623,4
9624,3
9625,0
9626,4
9627,2
9628,3
9629,3
9630,1
9631,2
9632,1
9633,5
9634,1
9635,7
9636,5
9637,7
9638,2
9639,1
9640,5
9641,0
9642,0
9643,1
9644,1
9645,3
9646,1
9647,2
9648,4
9649,5
9650,3
9651,3
9652,1
9653,0
9654,2
9655,0
9656,0
9657,1
9658,3
9659,1
9660,2
9661,1
9662,3
9663,3
9664,2
9665,2
9666,1
9667,0
9668,1
9669,2
9670,2
9671,6
9672,4
9673,4
9674,0
9675,1
9676,2
9677,1
9678,0
9679,2
9680,2
9681,2
9682,2
9683,4
9684,2
9685,6
9686,0
9687,4
9688,4
9689,5
9690,1
9691,2
9692,2
9693,5
9694,4
9695,6
9696,0
9697,1
9698,2
9699,3
9700,1
9701,5
9702,2
9703,1
9704,0
9705,3
9706,1
9707,0
9708,4
9709,4
9710,0
9711,1
9712,2
9713,2
9714,2
9715,2
9716,1
9717,3
9718,3
9719,4
9720,5
9721,4
9722,2
9723,3
9724,3
9725,1
9726,0
9727,6
9728,2
9729,1
9730,5
9731,7
9732,0
9733,1
9734,3
9735,2
9736,3
9737,3
9738,4
9739,0
9740,1
9741,8
9742,4
9743,0
9744,0
9745,1
9746,0
9747,1
9748,5
9749,3
9750,0
9751,3
9752,2
9753,7
9754,3
9755,0
9756,2
9757,4
9758,2
9759,4
9760,1
9761,1
9762,1
9763,2
9764,3
9765,0
9766,7
9767,5
9768,1
9769,3
9770,1
9771,6
9772,0
9773,2
9774,5
9775,4
9776,5
9777,4
9778,1
9779,2
9780,4
9781,1
9782,0
9783,2
9784,2
9785,3
9786,1
9787,2
9788,4
9789,0
9790,1
9791,0
9792,8
9793,3
9794,2
9795,0
9796,3
9797,3
9798,1
9799,1
9800,3
9801,2
9802,4
9803,2
9804,2
9805,1
9806,0
9807,4
9808,1
9809,2
9810,3
9811,3
9812,6
9813,3
9814,2
9815,6
9816,5
9817,2
9818,3
9819,4
9820,6
9821,5
9822,5
9823,2
9824,2
9825,1
9826,2
9827,1
9828,5
9829,1
9830,4
9831,5
9832,3
9833,0
9834,0
9835,0
9836,2
9837,2
9838,4
9839,6
9840,0
9841,2
9842,4
9843,3
9844,3
9845,4
9846,0
9847,3
9848,2
9849,4
9850,6
9851,3
9852,3
9853,2
9854,4
9855,0
9856,3
9857,1
9858,0
9859,3
9860,2
9861,3
9862,4
9863,4
9864,0
9865,0
9866,3
9867,1
9868,5
9869,2
9870,1
9871,5
9872,2
9873,1
9874,3
9875,4
9876,3
9877,0
9878,1
9879,6
9880,0
9881,0
9882,3
9883,4
9884,6
9885,1
9886,0
9887,4
9888,5
9889,3
9890,6
9891,4
9892,5
9893,2
9894,0
9895,2
9896,1
9897,2
9898,1
9899,1
9900,5
9901,2
9902,4
9903,6
9904,2
9905,4
9906,2
9907,4
9908,1
9909,1
9910,4
9911,1
9912,4
9913,2
9914,6
9915,1
9916,3
9917,1
9918,2
9919,2
9920,4
9921,3
9922,0
9923,4
9924,2
9925,5
9926,2
9927,1
9928,2
9929,5
9930,4
9931,3
9932,6
9933,1
9934,1
9935,2
9936,3
9937,3
9938,0
9939,5
9940,2
9941,2
9942,5
9943,0
9944,0
9945,4
9946,4
9947,3
9948,5
9949,0
9950,1
9951,5
9952,5
9953,2
9954,3
9955,0
9956,3
9957,3
9958,2
9959,3
9960,0
9961,0
9962,1
9963,6
9964,5
9965,0
9966,0
9967,1
9968,1
9969,5
9970,3
9971,0
9972,6
9973,3
9974,4
9975,5
9976,2
9977,8
9978,0
9979,1
9980,0
9981,5
9982,8
9983,2
9984,6
9985,0
9986,2
9987,1
9988,4
9989,3
9990,7
9991,2
9992,3
9993,5
9994,3
9995,1
9996,2
9997,6
9998,1
9999,1
