,yearID,teamID,H_bat,2B_bat,3B_bat,HR_bat,BB_bat,SB_bat,CS_bat,GIDP_bat,HR_ptch,BB_ptch,SO_ptch,H_ptch,W,G,lgID
0,1997,ANA,1531,279,25,161,617,126.0,72.0,129.0,202,605,1050,1506,84,162,AL
1,1997,ATL,1490,268,37,174,597,108.0,58.0,143.0,111,450,1196,1319,101,162,NL
2,1997,BAL,1498,264,22,196,586,63.0,26.0,121.0,164,563,1139,1404,98,162,AL
3,1997,BOS,1684,373,32,185,514,68.0,48.0,155.0,149,611,987,1569,78,162,AL
4,1997,CHA,1498,260,28,158,569,106.0,52.0,133.0,175,575,961,1505,80,161,AL
5,1997,CHN,1444,269,39,127,451,116.0,60.0,119.0,185,590,1072,1451,68,162,NL
6,1997,CIN,1386,269,27,142,518,190.0,67.0,104.0,173,558,1159,1408,76,162,NL
7,1997,CLE,1589,301,22,220,617,118.0,59.0,152.0,181,575,1036,1528,86,161,AL
8,1997,COL,1611,269,40,239,562,137.0,65.0,138.0,196,566,870,1697,83,162,NL
9,1997,DET,1415,268,32,176,578,161.0,72.0,120.0,178,552,982,1476,79,162,AL
10,1997,FLO,1410,272,28,136,686,115.0,58.0,132.0,131,639,1188,1353,92,162,NL
11,1997,HOU,1427,314,40,133,633,171.0,74.0,104.0,134,511,1138,1379,84,162,NL
12,1997,KCA,1478,256,35,158,561,130.0,66.0,108.0,186,531,961,1530,67,161,AL
13,1997,LAN,1488,242,33,174,498,131.0,64.0,109.0,163,546,1232,1325,88,162,NL
14,1997,MIN,1522,305,40,132,495,151.0,52.0,117.0,187,495,908,1596,68,162,AL
15,1997,ML4,1415,294,27,135,494,103.0,55.0,123.0,177,542,1016,1419,78,161,AL
16,1997,MON,1423,339,34,172,420,75.0,46.0,95.0,149,557,1138,1365,78,162,NL
17,1997,NYA,1636,325,23,161,676,99.0,58.0,138.0,144,532,1165,1463,96,162,AL
18,1997,NYN,1448,274,28,153,550,97.0,74.0,122.0,160,504,982,1452,88,162,NL
19,1997,OAK,1451,274,23,197,642,71.0,36.0,133.0,197,642,953,1734,65,162,AL
20,1997,PHI,1390,290,35,116,519,92.0,56.0,105.0,171,616,1209,1441,68,162,NL
21,1997,PIT,1440,291,52,129,481,160.0,50.0,105.0,143,560,1080,1503,79,162,NL
22,1997,SDN,1519,275,16,152,604,140.0,60.0,130.0,172,596,1059,1581,76,162,NL
23,1997,SEA,1574,312,21,264,626,89.0,40.0,146.0,192,598,1207,1500,90,162,AL
24,1997,SFN,1415,266,37,172,642,121.0,49.0,111.0,160,578,1044,1494,90,162,NL
25,1997,SLN,1409,269,39,144,543,164.0,60.0,128.0,124,536,1130,1422,73,162,NL
26,1997,TEX,1547,311,27,187,500,72.0,37.0,118.0,169,541,925,1598,77,162,AL
27,1997,TOR,1333,275,41,147,487,134.0,50.0,102.0,167,497,1150,1453,76,162,AL
28,1998,ANA,1530,314,27,147,510,93.0,45.0,122.0,164,630,1091,1481,85,162,AL
29,1998,ARI,1353,235,46,159,489,73.0,38.0,125.0,188,489,908,1463,65,162,NL
30,1998,ATL,1489,297,26,215,548,98.0,43.0,104.0,117,467,1232,1291,106,162,NL
31,1998,BAL,1520,303,11,214,593,86.0,48.0,136.0,169,535,1065,1505,79,162,AL
32,1998,BOS,1568,338,35,205,541,72.0,39.0,144.0,168,504,1025,1406,92,162,AL
33,1998,CHA,1516,291,38,198,551,127.0,46.0,119.0,211,580,911,1569,80,163,AL
34,1998,CHN,1494,250,34,212,601,65.0,44.0,123.0,180,575,1207,1528,90,163,NL
35,1998,CIN,1441,298,28,138,608,95.0,42.0,133.0,170,573,1098,1400,77,162,NL
36,1998,CLE,1530,334,30,198,630,143.0,60.0,123.0,171,563,1037,1552,89,162,AL
37,1998,COL,1640,333,36,183,469,67.0,47.0,148.0,174,562,951,1583,77,162,NL
38,1998,DET,1494,306,29,165,455,122.0,62.0,111.0,185,595,947,1551,65,162,AL
39,1998,FLO,1381,277,36,114,525,115.0,57.0,121.0,182,715,1016,1617,54,162,NL
40,1998,HOU,1578,326,28,166,621,155.0,51.0,146.0,147,465,1187,1435,102,162,NL
41,1998,KCA,1459,274,40,134,475,135.0,50.0,118.0,196,568,999,1590,72,161,AL
42,1998,LAN,1374,209,27,159,447,137.0,53.0,98.0,135,587,1178,1332,83,162,NL
43,1998,MIL,1439,266,17,152,532,81.0,59.0,135.0,188,550,1063,1538,74,162,NL
44,1998,MIN,1499,285,32,115,506,112.0,54.0,155.0,180,457,952,1622,70,162,AL
45,1998,MON,1348,280,32,147,439,91.0,46.0,109.0,156,533,1017,1448,65,162,NL
46,1998,NYA,1625,290,31,207,653,153.0,63.0,145.0,156,466,1080,1357,114,162,AL
47,1998,NYN,1425,289,24,136,572,62.0,46.0,126.0,152,532,1129,1381,88,162,NL
48,1998,OAK,1413,295,13,149,633,131.0,47.0,120.0,179,529,922,1555,74,162,AL
49,1998,PHI,1482,286,36,126,508,97.0,45.0,110.0,188,544,1176,1476,75,162,NL
50,1998,PIT,1395,271,35,107,393,159.0,51.0,102.0,147,530,1112,1433,69,163,NL
51,1998,SDN,1390,292,30,167,604,79.0,37.0,112.0,139,501,1217,1384,98,162,NL
52,1998,SEA,1553,321,28,234,558,115.0,39.0,107.0,196,528,1156,1530,76,161,AL
53,1998,SFN,1540,292,26,161,678,102.0,51.0,123.0,171,562,1089,1457,89,163,NL
54,1998,SLN,1444,292,30,223,676,133.0,41.0,117.0,151,558,972,1513,83,163,NL
55,1998,TBA,1450,267,43,111,473,120.0,73.0,127.0,171,643,1008,1425,63,162,AL
56,1998,TEX,1637,314,32,201,595,82.0,47.0,137.0,164,519,994,1624,88,162,AL
57,1998,TOR,1482,316,19,221,564,184.0,81.0,108.0,169,587,1154,1443,88,163,AL
58,1999,ANA,1404,248,22,158,511,71.0,45.0,135.0,177,624,877,1472,70,162,AL
59,1999,ARI,1566,289,46,216,588,137.0,39.0,94.0,176,543,1198,1387,100,162,NL
60,1999,ATL,1481,309,23,197,608,148.0,66.0,120.0,142,507,1197,1398,103,162,NL
61,1999,BAL,1572,299,21,203,615,107.0,46.0,146.0,198,647,982,1468,78,162,AL
62,1999,BOS,1551,334,42,176,597,67.0,39.0,131.0,160,469,1131,1396,94,162,AL
63,1999,CHA,1563,298,37,162,499,110.0,50.0,138.0,210,596,968,1608,75,162,AL
64,1999,CHN,1411,255,35,189,571,60.0,44.0,120.0,221,529,980,1619,67,162,NL
65,1999,CIN,1536,312,37,209,569,164.0,54.0,107.0,190,636,1081,1309,96,163,NL
66,1999,CLE,1629,309,32,209,743,147.0,50.0,136.0,197,634,1120,1503,97,162,AL
67,1999,COL,1644,305,39,223,508,70.0,43.0,125.0,237,737,1032,1700,72,162,NL
68,1999,DET,1433,289,34,212,458,108.0,70.0,108.0,209,583,976,1528,69,161,AL
69,1999,FLO,1465,266,44,128,479,92.0,46.0,119.0,171,655,943,1560,64,162,NL
70,1999,HOU,1463,293,23,168,728,166.0,75.0,127.0,128,478,1204,1485,97,162,NL
71,1999,KCA,1584,294,52,151,535,127.0,39.0,156.0,202,643,831,1607,64,161,AL
72,1999,LAN,1480,253,23,187,594,167.0,68.0,109.0,192,594,1077,1438,77,162,NL
73,1999,MIL,1524,299,30,165,658,81.0,33.0,110.0,213,616,987,1618,74,161,NL
74,1999,MIN,1450,285,30,105,500,118.0,60.0,151.0,208,487,927,1591,63,161,AL
75,1999,MON,1473,320,47,163,438,70.0,51.0,138.0,152,572,1043,1505,68,162,NL
76,1999,NYA,1568,302,36,193,718,104.0,57.0,137.0,158,581,1111,1402,98,162,AL
77,1999,NYN,1553,297,14,181,717,150.0,61.0,149.0,167,617,1172,1372,97,163,NL
78,1999,OAK,1430,287,20,235,770,70.0,37.0,129.0,160,569,967,1537,87,162,AL
79,1999,PHI,1539,302,44,161,631,125.0,35.0,127.0,212,627,1030,1494,77,162,NL
80,1999,PIT,1417,282,40,171,573,112.0,44.0,111.0,160,633,1083,1444,78,161,NL
81,1999,SDN,1360,256,22,153,631,174.0,67.0,132.0,193,529,1078,1454,74,162,NL
82,1999,SEA,1499,263,21,244,610,130.0,45.0,114.0,191,684,980,1613,79,162,AL
83,1999,SFN,1507,307,18,188,696,109.0,56.0,129.0,194,655,1076,1486,86,162,NL
84,1999,SLN,1461,274,27,194,613,134.0,48.0,110.0,161,667,1025,1519,75,161,NL
85,1999,TBA,1531,272,29,145,544,73.0,49.0,157.0,172,695,1055,1606,69,162,AL
86,1999,TEX,1653,304,29,230,611,111.0,54.0,147.0,186,509,979,1626,95,162,AL
87,1999,TOR,1580,337,14,212,578,119.0,48.0,129.0,191,575,1009,1582,84,162,AL
88,2000,ANA,1574,309,34,236,608,93.0,52.0,126.0,228,662,846,1534,82,162,AL
89,2000,ARI,1466,282,44,179,535,97.0,44.0,114.0,190,500,1220,1441,85,162,NL
90,2000,ATL,1490,274,26,179,595,148.0,56.0,127.0,165,484,1093,1428,95,162,NL
91,2000,BAL,1508,310,22,184,558,126.0,65.0,148.0,202,665,1017,1547,74,162,AL
92,2000,BOS,1503,316,32,167,611,43.0,30.0,115.0,173,498,1121,1433,85,162,AL
93,2000,CHA,1615,325,33,216,591,119.0,42.0,140.0,195,614,1037,1509,95,162,AL
94,2000,CHN,1426,272,23,183,632,93.0,37.0,114.0,231,658,1143,1505,65,162,NL
95,2000,CIN,1545,302,36,200,559,100.0,38.0,137.0,190,659,1015,1446,85,163,NL
96,2000,CLE,1639,310,30,221,685,113.0,34.0,134.0,173,666,1213,1511,90,162,AL
97,2000,COL,1664,320,53,161,601,131.0,61.0,126.0,221,588,1001,1568,82,162,NL
98,2000,DET,1553,307,41,177,562,83.0,38.0,142.0,177,496,978,1583,79,162,AL
99,2000,FLO,1441,274,29,160,540,168.0,55.0,100.0,169,650,1051,1477,79,161,NL
100,2000,HOU,1547,289,36,249,673,114.0,52.0,154.0,234,598,1064,1596,72,162,NL
101,2000,KCA,1644,281,27,150,511,121.0,35.0,139.0,239,693,927,1585,77,162,AL
102,2000,LAN,1408,265,28,211,668,95.0,42.0,129.0,176,600,1154,1379,86,162,NL
103,2000,MIL,1366,297,25,177,620,72.0,44.0,126.0,174,728,967,1501,73,163,NL
104,2000,MIN,1516,325,49,116,556,90.0,45.0,143.0,212,516,1042,1634,69,162,AL
105,2000,MON,1475,310,35,178,476,58.0,48.0,111.0,181,579,1011,1575,67,162,NL
106,2000,NYA,1541,294,25,205,631,99.0,48.0,134.0,177,577,1040,1458,87,161,AL
107,2000,NYN,1445,281,20,198,675,66.0,46.0,122.0,164,574,1164,1398,94,162,NL
108,2000,OAK,1501,281,23,239,750,40.0,15.0,147.0,158,615,963,1535,91,161,AL
109,2000,PHI,1386,304,40,144,611,102.0,30.0,115.0,201,640,1123,1458,65,162,NL
110,2000,PIT,1506,320,31,168,564,86.0,40.0,133.0,163,711,1070,1554,69,162,NL
111,2000,SDN,1413,279,37,157,602,131.0,53.0,123.0,191,649,1071,1443,76,162,NL
112,2000,SEA,1481,300,26,198,775,122.0,56.0,129.0,167,634,998,1442,91,162,AL
113,2000,SFN,1535,304,44,226,709,79.0,39.0,131.0,151,623,1076,1452,97,162,NL
114,2000,SLN,1481,259,25,235,675,87.0,51.0,116.0,196,606,1100,1403,95,162,NL
115,2000,TBA,1414,253,22,162,558,90.0,46.0,126.0,198,533,955,1553,69,161,AL
116,2000,TEX,1601,330,35,173,580,69.0,47.0,161.0,202,661,918,1683,71,162,AL
117,2000,TOR,1562,328,21,244,526,89.0,34.0,130.0,195,560,978,1615,83,162,AL
118,2001,ANA,1447,275,26,158,494,116.0,52.0,109.0,168,525,947,1452,75,162,AL
119,2001,ARI,1494,284,35,208,587,71.0,38.0,105.0,195,461,1297,1352,92,162,NL
120,2001,ATL,1432,263,24,174,493,85.0,46.0,132.0,153,499,1133,1363,88,162,NL
121,2001,BAL,1359,262,24,136,514,133.0,53.0,121.0,194,528,938,1504,63,162,AL
122,2001,BOS,1493,316,29,198,520,46.0,35.0,132.0,146,544,1259,1412,82,161,AL
123,2001,CHA,1463,300,29,214,520,123.0,59.0,128.0,181,500,921,1465,83,162,AL
124,2001,CHN,1409,268,32,194,577,67.0,36.0,132.0,164,550,1344,1357,88,162,NL
125,2001,CIN,1464,304,22,176,468,103.0,54.0,130.0,198,515,943,1572,66,162,NL
126,2001,CLE,1559,294,37,212,577,79.0,41.0,126.0,148,573,1218,1512,91,162,AL
127,2001,COL,1663,324,61,213,511,132.0,54.0,116.0,239,598,1058,1522,73,162,NL
128,2001,DET,1439,291,60,139,466,133.0,61.0,120.0,180,553,859,1624,66,162,AL
129,2001,FLO,1461,325,30,166,470,89.0,40.0,118.0,151,617,1119,1397,76,162,NL
130,2001,HOU,1500,313,29,208,581,64.0,49.0,128.0,221,486,1228,1453,93,162,NL
131,2001,KCA,1503,277,37,152,406,100.0,42.0,134.0,209,576,911,1537,65,162,AL
132,2001,LAN,1399,264,27,206,519,89.0,42.0,115.0,184,524,1212,1387,86,162,NL
133,2001,MIL,1378,273,30,209,488,66.0,36.0,102.0,197,667,1057,1452,68,162,NL
134,2001,MIN,1514,328,38,164,495,146.0,67.0,124.0,192,445,965,1494,85,162,AL
135,2001,MON,1361,320,28,131,478,101.0,51.0,151.0,190,525,1103,1509,68,162,NL
136,2001,NYA,1488,289,20,203,519,161.0,53.0,119.0,158,465,1266,1429,95,161,AL
137,2001,NYN,1361,273,18,147,545,66.0,48.0,124.0,186,438,1191,1418,82,162,NL
138,2001,OAK,1469,334,22,199,640,68.0,29.0,131.0,153,440,1117,1384,102,162,AL
139,2001,PHI,1431,295,29,164,551,153.0,47.0,104.0,170,527,1086,1417,86,162,NL
140,2001,PIT,1333,256,25,161,467,93.0,73.0,114.0,167,549,908,1493,62,162,NL
141,2001,SDN,1379,273,26,161,678,129.0,44.0,121.0,219,476,1088,1519,79,162,NL
142,2001,SEA,1637,310,38,169,614,174.0,42.0,112.0,160,465,1051,1293,116,162,AL
143,2001,SFN,1493,304,40,235,625,57.0,42.0,108.0,145,579,1080,1437,90,162,NL
144,2001,SLN,1469,274,32,199,529,91.0,35.0,125.0,196,526,1083,1389,93,162,NL
145,2001,TBA,1426,311,21,121,456,115.0,52.0,130.0,207,569,1030,1513,62,162,AL
146,2001,TEX,1566,326,23,246,548,97.0,32.0,131.0,222,596,951,1670,73,162,AL
147,2001,TOR,1489,287,36,195,470,156.0,55.0,111.0,165,490,1041,1553,80,162,AL
148,2002,ANA,1603,333,32,152,462,117.0,51.0,105.0,169,509,999,1345,99,162,AL
149,2002,ARI,1471,283,41,165,643,92.0,46.0,130.0,170,421,1303,1361,98,162,NL
150,2002,ATL,1428,280,25,164,558,76.0,39.0,147.0,123,554,1058,1302,101,161,NL
151,2002,BAL,1353,311,27,165,452,110.0,48.0,128.0,208,549,967,1491,67,162,AL
152,2002,BOS,1560,348,33,177,545,80.0,28.0,139.0,146,430,1157,1339,93,162,AL
153,2002,CHA,1475,289,29,217,555,75.0,31.0,111.0,190,528,945,1422,81,162,AL
154,2002,CHN,1351,259,29,200,585,63.0,21.0,117.0,167,606,1333,1373,67,162,NL
155,2002,CIN,1386,297,21,169,583,116.0,52.0,119.0,173,550,980,1502,78,162,NL
156,2002,CLE,1349,255,26,192,542,52.0,37.0,149.0,142,603,1058,1508,74,162,AL
157,2002,COL,1508,283,41,152,497,103.0,53.0,133.0,225,582,920,1554,73,162,NL
158,2002,DET,1340,265,37,124,363,65.0,44.0,125.0,163,463,794,1593,55,161,AL
159,2002,FLO,1433,280,32,146,595,177.0,73.0,129.0,151,631,1104,1449,79,162,NL
160,2002,HOU,1441,291,32,167,589,71.0,27.0,144.0,151,546,1219,1423,84,162,NL
161,2002,KCA,1415,285,42,140,524,140.0,65.0,106.0,212,572,909,1587,62,162,AL
162,2002,LAN,1464,286,29,155,428,96.0,37.0,140.0,165,555,1132,1311,92,162,NL
163,2002,MIL,1369,269,29,139,500,94.0,50.0,144.0,199,666,1026,1468,56,162,NL
164,2002,MIN,1518,348,36,167,472,79.0,62.0,121.0,184,439,1026,1454,94,161,AL
165,2002,MON,1432,300,36,162,575,118.0,64.0,123.0,165,508,1088,1475,83,162,NL
166,2002,NYA,1540,314,12,223,640,100.0,38.0,150.0,144,403,1135,1441,103,161,AL
167,2002,NYN,1409,238,22,160,486,87.0,42.0,142.0,163,543,1107,1408,75,161,NL
168,2002,OAK,1450,279,28,205,609,46.0,20.0,128.0,135,474,1021,1391,103,162,AL
169,2002,PHI,1428,325,41,165,640,104.0,43.0,129.0,153,570,1075,1381,80,161,NL
170,2002,PIT,1300,263,20,142,537,86.0,49.0,97.0,163,572,920,1447,72,161,NL
171,2002,SDN,1393,243,29,136,547,71.0,44.0,132.0,177,582,1108,1522,66,162,NL
172,2002,SEA,1531,285,31,152,629,137.0,58.0,123.0,178,441,1063,1422,93,162,AL
173,2002,SFN,1465,300,35,198,616,74.0,21.0,136.0,116,523,992,1349,95,162,NL
174,2002,SLN,1475,285,26,175,542,86.0,42.0,123.0,141,547,1009,1355,97,162,NL
175,2002,TBA,1418,297,35,133,456,102.0,45.0,116.0,215,620,925,1567,55,161,AL
176,2002,TEX,1510,304,27,230,554,62.0,34.0,129.0,194,669,1030,1528,72,162,AL
177,2002,TOR,1457,305,38,187,522,71.0,18.0,130.0,177,590,991,1504,78,162,AL
178,2003,ANA,1473,276,33,150,476,129.0,61.0,125.0,190,486,980,1444,77,162,AL
179,2003,ARI,1467,303,47,152,531,76.0,38.0,126.0,150,526,1291,1379,84,162,NL
180,2003,ATL,1608,321,31,235,545,68.0,22.0,124.0,147,555,992,1425,101,162,NL
181,2003,BAL,1516,277,24,152,431,89.0,36.0,123.0,198,526,981,1579,71,163,AL
182,2003,BOS,1667,371,40,238,620,88.0,35.0,126.0,153,488,1141,1503,95,162,AL
183,2003,CHA,1445,303,19,220,519,77.0,29.0,132.0,162,518,1056,1364,86,162,AL
184,2003,CHN,1431,302,24,172,492,73.0,31.0,135.0,143,617,1404,1304,88,162,NL
185,2003,CIN,1349,239,21,182,524,80.0,34.0,102.0,209,590,932,1578,69,162,NL
186,2003,CLE,1413,296,26,158,466,86.0,61.0,128.0,179,501,943,1477,68,162,AL
187,2003,COL,1472,330,31,198,619,63.0,37.0,140.0,200,552,866,1629,74,162,NL
188,2003,DET,1312,201,39,153,443,98.0,63.0,114.0,195,557,764,1616,43,162,AL
189,2003,FLO,1459,292,44,157,515,150.0,74.0,114.0,128,530,1132,1415,91,162,NL
190,2003,HOU,1466,308,30,191,557,66.0,30.0,125.0,161,565,1139,1350,87,162,NL
191,2003,KCA,1526,288,39,162,476,120.0,42.0,128.0,190,566,865,1569,83,162,AL
192,2003,LAN,1328,260,25,124,407,80.0,36.0,121.0,127,526,1289,1254,85,162,NL
193,2003,MIL,1423,266,24,196,547,99.0,39.0,158.0,219,575,1034,1590,68,162,NL
194,2003,MIN,1567,318,45,155,512,94.0,44.0,139.0,187,402,997,1526,90,162,AL
195,2003,MON,1404,294,25,144,522,100.0,39.0,143.0,181,463,1028,1467,83,162,NL
196,2003,NYA,1518,304,14,230,684,98.0,33.0,154.0,145,375,1119,1512,101,163,AL
197,2003,NYN,1317,262,24,124,489,70.0,31.0,136.0,168,576,907,1497,66,161,NL
198,2003,OAK,1398,317,24,176,556,48.0,14.0,118.0,140,499,1018,1336,96,162,AL
199,2003,PHI,1448,325,27,166,651,72.0,29.0,120.0,142,536,1060,1386,86,162,NL
200,2003,PIT,1492,275,45,163,529,86.0,37.0,112.0,178,502,926,1527,75,162,NL
201,2003,SDN,1442,257,32,128,565,76.0,39.0,142.0,208,611,1091,1458,64,162,NL
202,2003,SEA,1509,290,33,139,586,108.0,37.0,130.0,173,466,1001,1340,93,162,AL
203,2003,SFN,1440,281,29,180,593,53.0,37.0,130.0,136,546,1006,1349,100,161,NL
204,2003,SLN,1580,342,32,196,580,82.0,32.0,136.0,210,508,969,1544,85,162,NL
205,2003,TBA,1501,298,38,137,420,142.0,42.0,108.0,196,639,877,1454,63,162,AL
206,2003,TEX,1506,274,36,239,488,65.0,25.0,115.0,208,603,1009,1625,71,162,AL
207,2003,TOR,1580,357,33,190,546,37.0,25.0,146.0,184,485,984,1560,86,162,AL
208,2004,ANA,1603,272,37,162,450,143.0,46.0,123.0,170,502,1164,1476,92,162,AL
209,2004,ARI,1401,295,38,135,441,53.0,32.0,137.0,197,668,1153,1480,51,162,NL
210,2004,ATL,1503,304,37,178,587,86.0,32.0,123.0,154,523,1025,1475,96,162,NL
211,2004,BAL,1614,319,18,169,528,101.0,41.0,126.0,159,687,1090,1488,78,162,AL
212,2004,BOS,1613,373,25,222,659,68.0,30.0,123.0,159,447,1132,1430,98,162,AL
213,2004,CHA,1481,284,19,242,499,78.0,51.0,119.0,224,527,1013,1505,83,162,AL
214,2004,CHN,1508,308,29,235,489,66.0,28.0,120.0,169,545,1346,1363,89,162,NL
215,2004,CIN,1380,287,28,194,599,77.0,25.0,125.0,236,572,992,1595,76,162,NL
216,2004,CLE,1565,345,29,184,606,94.0,55.0,143.0,201,579,1115,1553,80,162,AL
217,2004,COL,1531,331,34,202,568,44.0,33.0,132.0,198,697,947,1634,68,162,NL
218,2004,DET,1531,284,54,201,518,86.0,50.0,110.0,190,530,995,1542,72,162,AL
219,2004,FLO,1447,275,32,148,499,96.0,43.0,142.0,166,513,1116,1395,83,162,NL
220,2004,HOU,1458,294,36,187,590,89.0,30.0,128.0,174,525,1282,1416,92,162,NL
221,2004,KCA,1432,261,29,150,461,67.0,48.0,130.0,208,518,887,1638,58,162,AL
222,2004,LAN,1450,226,30,203,536,102.0,41.0,121.0,178,521,1066,1386,93,162,NL
223,2004,MIL,1358,295,32,135,540,138.0,40.0,120.0,164,476,1098,1440,67,161,NL
224,2004,MIN,1494,310,24,191,513,116.0,46.0,130.0,167,431,1123,1523,92,162,AL
225,2004,MON,1361,276,27,151,496,109.0,38.0,115.0,191,582,1032,1477,67,162,NL
226,2004,NYA,1483,281,20,242,670,84.0,33.0,157.0,182,445,1058,1532,101,162,AL
227,2004,NYN,1376,289,20,185,512,107.0,23.0,129.0,156,592,977,1452,71,162,NL
228,2004,OAK,1545,336,15,189,608,47.0,22.0,142.0,164,544,1034,1466,91,162,AL
229,2004,PHI,1505,303,23,215,645,100.0,27.0,123.0,214,502,1070,1488,86,162,NL
230,2004,PIT,1428,267,39,142,415,63.0,40.0,117.0,149,576,1079,1451,72,161,NL
231,2004,SDN,1521,304,32,139,566,52.0,25.0,128.0,184,422,1079,1460,87,162,NL
232,2004,SEA,1544,276,20,136,492,110.0,42.0,131.0,212,575,1036,1498,63,162,AL
233,2004,SFN,1500,314,33,183,705,43.0,23.0,142.0,161,548,1020,1481,91,162,NL
234,2004,SLN,1544,319,24,214,548,111.0,47.0,121.0,169,440,1041,1378,105,162,NL
235,2004,TBA,1416,278,46,145,469,132.0,42.0,97.0,192,580,923,1459,70,161,AL
236,2004,TEX,1492,323,34,227,500,69.0,36.0,91.0,182,547,979,1536,89,162,AL
237,2004,TOR,1438,290,34,145,513,58.0,31.0,139.0,181,608,956,1505,67,161,AL
238,2005,ARI,1419,291,27,191,606,67.0,26.0,132.0,193,537,1038,1580,77,162,NL
239,2005,ATL,1453,308,37,184,534,92.0,32.0,146.0,145,520,929,1487,90,162,NL
240,2005,BAL,1492,296,27,189,447,83.0,37.0,145.0,180,580,1052,1458,74,162,AL
241,2005,BOS,1579,339,21,199,653,45.0,12.0,135.0,164,440,959,1550,95,162,AL
242,2005,CHA,1450,253,23,200,435,137.0,67.0,122.0,167,459,1040,1392,99,162,AL
243,2005,CHN,1506,323,23,194,419,65.0,39.0,131.0,186,576,1256,1357,79,162,NL
244,2005,CIN,1453,335,15,222,611,72.0,23.0,116.0,219,492,955,1657,73,163,NL
245,2005,CLE,1522,337,30,207,503,62.0,36.0,128.0,157,413,1050,1363,93,162,AL
246,2005,COL,1477,280,34,150,509,65.0,32.0,125.0,175,604,981,1600,67,162,NL
247,2005,DET,1521,283,45,168,384,66.0,28.0,137.0,193,461,907,1504,71,162,AL
248,2005,FLO,1499,306,32,128,512,96.0,38.0,144.0,116,563,1125,1459,83,162,NL
249,2005,HOU,1400,281,32,161,481,115.0,44.0,116.0,155,440,1164,1336,89,163,NL
250,2005,KCA,1445,289,34,126,424,53.0,33.0,139.0,178,580,924,1640,56,162,AL
251,2005,LAA,1520,278,30,147,447,161.0,57.0,125.0,158,443,1126,1419,95,162,AL
252,2005,LAN,1374,284,21,149,541,58.0,35.0,139.0,182,471,1004,1434,71,162,NL
253,2005,MIL,1413,327,19,175,531,79.0,34.0,137.0,169,569,1173,1382,81,162,NL
254,2005,MIN,1441,269,32,134,485,102.0,44.0,155.0,169,348,965,1458,83,162,AL
255,2005,NYA,1552,259,16,229,637,84.0,27.0,125.0,164,463,985,1495,95,162,AL
256,2005,NYN,1421,279,32,175,486,153.0,40.0,103.0,135,491,1012,1390,83,162,NL
257,2005,OAK,1476,310,20,155,537,31.0,22.0,148.0,154,504,1075,1315,88,162,AL
258,2005,PHI,1494,282,35,167,639,116.0,27.0,107.0,189,487,1159,1379,88,162,NL
259,2005,PIT,1445,292,38,139,471,73.0,30.0,130.0,162,612,958,1456,67,162,NL
260,2005,SDN,1416,269,39,130,600,99.0,44.0,122.0,146,503,1133,1452,82,162,NL
261,2005,SEA,1408,289,34,130,466,102.0,47.0,115.0,179,496,892,1483,69,162,AL
262,2005,SFN,1427,299,26,128,431,71.0,35.0,147.0,151,592,972,1456,75,162,NL
263,2005,SLN,1494,287,26,170,534,83.0,36.0,127.0,153,443,974,1399,100,162,NL
264,2005,TBA,1519,289,40,157,412,151.0,49.0,133.0,194,615,949,1570,67,162,AL
265,2005,TEX,1528,311,29,260,495,67.0,15.0,123.0,159,522,932,1589,79,162,AL
266,2005,TOR,1480,307,39,136,486,72.0,35.0,126.0,185,444,958,1475,80,162,AL
267,2005,WAS,1367,311,32,117,491,45.0,45.0,130.0,140,539,997,1456,81,162,NL
268,2006,ARI,1506,331,38,160,504,76.0,30.0,136.0,168,536,1115,1503,76,162,NL
269,2006,ATL,1510,312,26,222,526,52.0,35.0,131.0,183,572,1049,1529,79,162,NL
270,2006,BAL,1556,288,20,164,474,121.0,32.0,145.0,216,613,1016,1579,70,162,AL
271,2006,BOS,1510,327,16,192,672,51.0,23.0,136.0,181,509,1070,1570,86,162,AL
272,2006,CHA,1586,291,20,236,502,93.0,48.0,118.0,200,433,1012,1534,90,162,AL
273,2006,CHN,1496,271,46,166,395,121.0,49.0,135.0,210,687,1250,1396,66,162,NL
274,2006,CIN,1419,291,12,217,614,124.0,33.0,122.0,213,464,1053,1576,80,162,NL
275,2006,CLE,1576,351,27,196,556,55.0,23.0,127.0,166,429,948,1583,78,162,AL
276,2006,COL,1504,325,54,157,561,85.0,50.0,119.0,155,553,952,1549,76,162,NL
277,2006,DET,1548,294,40,203,430,60.0,40.0,120.0,160,489,1003,1420,95,162,AL
278,2006,FLO,1454,309,42,182,497,110.0,58.0,109.0,166,622,1088,1465,78,162,NL
279,2006,HOU,1407,275,27,174,585,79.0,36.0,122.0,182,480,1160,1425,82,162,NL
280,2006,KCA,1515,335,37,124,474,65.0,34.0,130.0,213,637,904,1648,62,162,AL
281,2006,LAA,1539,309,29,159,486,148.0,57.0,126.0,158,471,1164,1410,89,162,AL
282,2006,LAN,1552,307,58,153,601,128.0,49.0,140.0,152,492,1068,1524,88,162,NL
283,2006,MIL,1400,301,20,180,502,71.0,37.0,133.0,177,514,1145,1454,75,162,NL
284,2006,MIN,1608,275,34,143,490,101.0,42.0,163.0,182,356,1164,1490,96,162,AL
285,2006,NYA,1608,327,21,210,649,139.0,35.0,139.0,170,496,1019,1463,97,162,AL
286,2006,NYN,1469,323,41,200,547,146.0,35.0,114.0,180,527,1161,1402,97,162,NL
287,2006,OAK,1429,266,22,175,650,61.0,20.0,170.0,162,529,1003,1525,93,162,AL
288,2006,PHI,1518,294,41,216,626,92.0,25.0,115.0,211,512,1138,1561,85,162,NL
289,2006,PIT,1462,286,17,141,459,68.0,23.0,153.0,156,620,1060,1545,67,162,NL
290,2006,SDN,1465,298,38,161,564,123.0,31.0,127.0,176,468,1097,1385,88,162,NL
291,2006,SEA,1540,266,42,172,404,106.0,37.0,117.0,183,560,1067,1500,78,162,AL
292,2006,SFN,1418,297,52,163,494,58.0,25.0,136.0,153,584,992,1422,76,161,NL
293,2006,SLN,1484,292,27,184,531,59.0,32.0,129.0,193,504,970,1475,83,161,NL
294,2006,TBA,1395,267,33,190,441,134.0,52.0,101.0,180,606,979,1600,61,162,AL
295,2006,TEX,1571,357,23,183,505,53.0,24.0,148.0,162,496,972,1558,80,162,AL
296,2006,TOR,1591,348,27,199,514,65.0,33.0,166.0,185,504,1076,1447,87,162,AL
297,2006,WAS,1437,322,22,164,594,123.0,62.0,118.0,193,584,960,1535,71,162,NL
298,2007,ARI,1350,286,40,171,532,109.0,24.0,121.0,169,546,1088,1446,90,162,NL
299,2007,ATL,1562,328,27,176,534,64.0,30.0,137.0,172,537,1106,1442,84,162,NL
300,2007,BAL,1529,306,30,142,500,144.0,42.0,139.0,161,696,1087,1491,69,162,AL
301,2007,BOS,1561,352,35,166,689,96.0,24.0,146.0,151,482,1149,1350,96,162,AL
302,2007,CHA,1341,249,20,190,532,78.0,45.0,138.0,174,499,1015,1556,72,162,AL
303,2007,CHN,1530,340,28,151,500,86.0,33.0,127.0,165,573,1211,1340,85,162,NL
304,2007,CIN,1496,293,23,204,536,97.0,31.0,140.0,198,482,1068,1605,72,162,NL
305,2007,CLE,1504,305,27,178,590,72.0,41.0,114.0,146,410,1047,1519,96,162,AL
306,2007,COL,1591,313,36,171,622,100.0,31.0,140.0,164,504,967,1497,90,163,NL
307,2007,DET,1652,352,50,177,474,103.0,30.0,128.0,174,566,1047,1498,88,162,AL
308,2007,FLO,1504,340,38,201,521,105.0,34.0,107.0,176,661,1142,1617,71,162,NL
309,2007,HOU,1457,293,30,167,547,65.0,33.0,142.0,206,510,1109,1566,73,162,NL
310,2007,KCA,1447,300,46,102,428,78.0,44.0,151.0,168,520,993,1547,69,162,AL
311,2007,LAA,1578,324,23,123,507,139.0,55.0,146.0,151,477,1156,1480,94,162,AL
312,2007,LAN,1544,276,35,129,511,137.0,50.0,116.0,146,518,1184,1443,82,162,NL
313,2007,MIL,1455,310,37,231,501,96.0,32.0,112.0,161,507,1174,1513,83,162,NL
314,2007,MIN,1460,273,36,118,512,112.0,30.0,149.0,185,420,1094,1505,79,162,AL
315,2007,NYA,1656,326,32,201,637,123.0,40.0,138.0,150,578,1009,1498,94,162,AL
316,2007,NYN,1543,294,27,177,549,200.0,46.0,114.0,165,570,1134,1415,88,162,NL
317,2007,OAK,1430,295,16,171,664,52.0,20.0,142.0,138,530,1036,1468,76,162,AL
318,2007,PHI,1558,326,41,213,641,138.0,19.0,125.0,198,558,1050,1555,89,162,NL
319,2007,PIT,1463,322,31,148,463,68.0,30.0,130.0,174,518,997,1627,68,162,NL
320,2007,SDN,1408,322,31,171,557,55.0,24.0,113.0,119,474,1136,1406,89,163,NL
321,2007,SEA,1629,284,22,153,389,81.0,30.0,154.0,147,546,1020,1578,88,162,AL
322,2007,SFN,1407,267,37,131,532,119.0,33.0,142.0,133,593,1057,1442,71,162,NL
323,2007,SLN,1513,279,13,141,506,56.0,33.0,154.0,168,509,945,1514,78,162,NL
324,2007,TBA,1500,291,36,187,545,131.0,48.0,119.0,199,568,1194,1649,66,162,AL
325,2007,TEX,1460,298,36,179,503,88.0,25.0,129.0,155,668,976,1525,75,162,AL
326,2007,TOR,1434,344,24,165,533,57.0,22.0,127.0,157,479,1067,1383,83,162,AL
327,2007,WAS,1415,309,31,123,524,69.0,23.0,143.0,187,580,931,1502,73,162,NL
328,2008,ARI,1355,318,47,159,587,58.0,23.0,105.0,147,451,1229,1403,82,162,NL
329,2008,ATL,1514,316,33,130,618,58.0,27.0,143.0,156,586,1076,1439,72,162,NL
330,2008,BAL,1486,322,30,172,533,81.0,37.0,111.0,184,687,922,1538,68,161,AL
331,2008,BOS,1565,353,33,173,646,120.0,35.0,147.0,147,548,1185,1369,95,162,AL
332,2008,CHA,1458,296,13,235,540,67.0,34.0,157.0,156,460,1147,1471,89,163,AL
333,2008,CHN,1552,329,21,184,636,87.0,34.0,134.0,160,548,1264,1329,97,161,NL
334,2008,CIN,1351,269,24,187,560,85.0,47.0,101.0,201,557,1227,1542,74,162,NL
335,2008,CLE,1455,339,22,171,560,77.0,29.0,123.0,170,444,986,1530,81,162,AL
336,2008,COL,1462,310,28,160,570,141.0,37.0,119.0,148,562,1041,1547,74,162,NL
337,2008,DET,1529,293,41,200,572,63.0,31.0,144.0,172,644,991,1541,74,162,AL
338,2008,FLO,1397,302,28,208,543,76.0,28.0,98.0,161,586,1127,1421,84,161,NL
339,2008,HOU,1432,284,22,167,449,114.0,52.0,116.0,197,492,1095,1453,86,161,NL
340,2008,KCA,1507,303,28,120,392,79.0,38.0,144.0,159,515,1085,1473,75,162,AL
341,2008,LAA,1486,274,25,159,481,129.0,48.0,140.0,160,457,1106,1455,100,162,AL
342,2008,LAN,1455,271,29,137,543,126.0,43.0,153.0,123,480,1205,1381,84,162,NL
343,2008,MIL,1398,324,35,198,550,108.0,38.0,97.0,175,528,1110,1415,90,162,NL
344,2008,MIN,1572,298,49,111,529,102.0,42.0,142.0,183,406,995,1568,88,163,AL
345,2008,NYA,1512,289,20,180,535,118.0,39.0,149.0,143,489,1141,1478,89,162,AL
346,2008,NYN,1491,274,38,172,619,138.0,36.0,129.0,163,590,1181,1415,89,162,NL
347,2008,OAK,1318,270,23,125,574,88.0,21.0,126.0,135,576,1061,1364,75,161,AL
348,2008,PHI,1407,291,36,214,586,136.0,25.0,108.0,160,533,1081,1444,92,162,NL
349,2008,PIT,1454,314,21,153,474,57.0,19.0,111.0,176,657,963,1631,67,162,NL
350,2008,SDN,1390,264,27,154,518,36.0,17.0,129.0,165,561,1100,1466,63,162,NL
351,2008,SEA,1498,285,20,124,417,90.0,32.0,137.0,161,626,1016,1544,61,162,AL
352,2008,SFN,1452,311,37,94,452,108.0,46.0,139.0,147,652,1240,1416,72,162,NL
353,2008,SLN,1585,283,26,174,577,73.0,32.0,150.0,163,496,957,1517,86,162,NL
354,2008,TBA,1443,284,37,180,626,142.0,50.0,111.0,166,526,1143,1349,97,162,AL
355,2008,TEX,1619,376,35,194,595,81.0,25.0,117.0,176,625,963,1647,79,162,AL
356,2008,TOR,1453,303,32,126,521,80.0,27.0,150.0,134,467,1184,1330,86,162,AL
357,2008,WAS,1376,269,26,117,534,81.0,43.0,153.0,190,588,1063,1496,59,161,NL
358,2009,ARI,1408,307,45,173,571,102.0,40.0,93.0,168,525,1158,1470,70,162,NL
359,2009,ATL,1459,300,20,149,602,58.0,26.0,142.0,119,530,1232,1399,86,162,NL
360,2009,BAL,1508,307,19,160,517,76.0,37.0,131.0,218,546,933,1633,64,162,AL
361,2009,BOS,1495,335,25,212,659,126.0,39.0,137.0,167,530,1230,1494,95,162,AL
362,2009,CHA,1410,246,20,184,534,113.0,49.0,139.0,169,507,1119,1438,79,162,AL
363,2009,CHN,1398,293,29,161,592,56.0,34.0,134.0,160,586,1272,1329,83,161,NL
364,2009,CIN,1349,280,25,158,531,96.0,40.0,103.0,188,577,1069,1420,78,162,NL
365,2009,CLE,1468,314,28,161,582,84.0,31.0,140.0,183,598,986,1570,65,162,AL
366,2009,COL,1408,300,50,190,660,106.0,55.0,111.0,141,528,1154,1427,92,162,NL
367,2009,DET,1443,245,35,183,540,72.0,33.0,131.0,182,594,1102,1449,86,163,AL
368,2009,FLO,1493,296,25,159,568,75.0,35.0,110.0,160,601,1248,1425,87,162,NL
369,2009,HOU,1415,270,32,142,448,113.0,44.0,153.0,176,546,1144,1521,74,162,NL
370,2009,KCA,1432,276,51,144,457,88.0,29.0,135.0,166,600,1153,1486,65,162,AL
371,2009,LAA,1604,293,33,173,547,148.0,63.0,128.0,180,523,1062,1513,97,162,AL
372,2009,LAN,1511,278,39,145,607,116.0,48.0,141.0,127,584,1272,1265,95,162,NL
373,2009,MIL,1447,281,37,182,610,68.0,37.0,128.0,207,607,1104,1498,80,162,NL
374,2009,MIN,1539,271,40,172,585,85.0,32.0,147.0,185,466,1052,1542,87,163,AL
375,2009,NYA,1604,325,21,244,663,111.0,28.0,144.0,181,574,1260,1386,103,162,AL
376,2009,NYN,1472,295,49,95,526,122.0,44.0,144.0,158,616,1031,1452,70,162,NL
377,2009,OAK,1464,307,21,135,527,133.0,48.0,130.0,156,523,1124,1486,75,162,AL
378,2009,PHI,1439,312,35,224,589,119.0,28.0,90.0,189,489,1153,1479,93,162,NL
379,2009,PIT,1364,289,34,125,499,90.0,32.0,124.0,152,563,919,1491,62,161,NL
380,2009,SDN,1315,265,31,141,586,82.0,29.0,131.0,167,603,1187,1422,75,162,NL
381,2009,SEA,1430,280,19,160,421,89.0,33.0,124.0,172,534,1043,1359,85,162,AL
382,2009,SFN,1411,275,43,122,392,78.0,28.0,115.0,140,584,1302,1268,88,162,NL
383,2009,SLN,1436,294,29,160,528,75.0,31.0,127.0,123,460,1049,1407,91,162,NL
384,2009,TBA,1434,297,36,199,642,194.0,61.0,104.0,183,515,1125,1421,84,162,AL
385,2009,TEX,1436,296,27,224,472,149.0,36.0,97.0,171,531,1016,1432,87,162,AL
386,2009,TOR,1516,339,13,209,548,73.0,23.0,130.0,181,551,1181,1509,75,162,AL
387,2009,WAS,1416,271,38,156,617,73.0,40.0,133.0,173,629,911,1533,59,162,NL
388,2010,ARI,1366,301,34,180,589,86.0,41.0,113.0,210,548,1070,1503,65,162,NL
389,2010,ATL,1411,312,25,139,634,63.0,29.0,136.0,126,505,1241,1326,91,162,NL
390,2010,BAL,1440,264,21,133,424,76.0,34.0,154.0,186,520,1007,1508,66,162,AL
391,2010,BOS,1511,358,22,211,587,68.0,17.0,130.0,152,580,1207,1402,89,162,AL
392,2010,CHA,1467,263,21,177,467,160.0,74.0,148.0,136,490,1149,1471,88,162,AL
393,2010,CHN,1414,298,27,149,479,55.0,31.0,124.0,154,605,1268,1409,75,162,NL
394,2010,CIN,1515,293,30,188,522,93.0,43.0,113.0,158,524,1130,1404,91,162,NL
395,2010,CLE,1362,290,20,128,545,91.0,33.0,118.0,147,572,967,1477,69,162,AL
396,2010,COL,1452,270,54,173,585,99.0,42.0,103.0,139,525,1234,1405,83,162,NL
397,2010,DET,1515,308,32,152,546,69.0,30.0,118.0,142,537,1056,1445,81,162,AL
398,2010,FLO,1403,294,37,152,514,92.0,26.0,107.0,134,549,1168,1433,80,162,NL
399,2010,HOU,1348,252,25,108,415,100.0,36.0,130.0,140,548,1210,1446,76,162,NL
400,2010,KCA,1534,279,31,121,471,115.0,50.0,152.0,176,551,1035,1553,67,162,AL
401,2010,LAA,1363,276,19,155,466,104.0,52.0,125.0,148,565,1130,1422,80,162,AL
402,2010,LAN,1368,270,29,120,533,92.0,50.0,123.0,134,539,1274,1323,80,162,NL
403,2010,MIL,1471,293,33,182,546,81.0,26.0,115.0,173,582,1258,1487,77,162,NL
404,2010,MIN,1521,318,41,142,559,68.0,28.0,159.0,155,383,1048,1493,94,162,AL
405,2010,NYA,1485,275,32,201,662,103.0,30.0,124.0,179,540,1154,1349,95,162,AL
406,2010,NYN,1361,266,40,128,502,130.0,44.0,101.0,135,545,1106,1438,79,162,NL
407,2010,OAK,1396,276,30,109,527,156.0,38.0,129.0,153,512,1070,1315,81,162,AL
408,2010,PHI,1451,290,34,166,560,108.0,21.0,120.0,168,416,1183,1402,97,162,NL
409,2010,PIT,1303,276,27,126,463,87.0,36.0,119.0,167,538,1026,1567,57,162,NL
410,2010,SDN,1338,236,24,132,538,124.0,50.0,106.0,139,517,1295,1305,90,162,NL
411,2010,SEA,1274,227,16,101,459,142.0,39.0,110.0,157,452,973,1402,61,162,AL
412,2010,SFN,1411,284,30,162,487,55.0,32.0,158.0,134,578,1331,1279,92,162,NL
413,2010,SLN,1456,285,18,150,541,79.0,41.0,124.0,133,477,1094,1412,86,162,NL
414,2010,TBA,1343,295,37,160,672,172.0,47.0,92.0,175,478,1189,1347,96,162,AL
415,2010,TEX,1556,268,25,162,511,123.0,48.0,129.0,162,551,1181,1355,90,162,AL
416,2010,TOR,1364,319,21,257,471,58.0,20.0,114.0,150,539,1184,1407,85,162,AL
417,2010,WAS,1355,250,31,149,503,110.0,41.0,125.0,151,512,1068,1469,69,162,NL
418,2011,ARI,1357,293,37,172,531,133.0,55.0,82.0,159,442,1058,1414,94,162,NL
419,2011,ATL,1345,244,16,173,504,77.0,44.0,113.0,125,521,1332,1332,89,162,NL
420,2011,BAL,1434,273,13,191,452,81.0,25.0,154.0,210,535,1044,1568,69,162,AL
421,2011,BOS,1600,352,35,203,578,102.0,42.0,136.0,156,540,1213,1366,90,162,AL
422,2011,CHA,1387,252,16,154,475,81.0,53.0,125.0,147,439,1220,1463,79,162,AL
423,2011,CHN,1423,285,36,148,425,69.0,23.0,123.0,162,580,1224,1439,71,162,NL
424,2011,CIN,1438,264,19,183,535,97.0,50.0,98.0,185,539,1112,1414,79,162,NL
425,2011,CLE,1380,290,26,154,494,89.0,42.0,111.0,153,463,1024,1482,80,162,AL
426,2011,COL,1429,274,40,163,555,118.0,42.0,112.0,176,522,1118,1471,73,162,NL
427,2011,DET,1540,297,34,169,521,49.0,20.0,142.0,149,492,1115,1406,95,162,AL
428,2011,FLO,1358,274,30,149,542,95.0,41.0,111.0,149,500,1218,1403,72,162,NL
429,2011,HOU,1442,309,28,95,401,118.0,33.0,111.0,188,560,1191,1477,56,162,NL
430,2011,KCA,1560,325,41,129,442,153.0,58.0,121.0,163,557,1080,1487,71,162,AL
431,2011,LAA,1394,289,34,155,442,135.0,52.0,126.0,142,476,1058,1388,86,162,AL
432,2011,LAN,1395,237,28,117,498,126.0,40.0,101.0,132,507,1265,1287,82,161,NL
433,2011,MIL,1422,276,31,185,481,94.0,31.0,114.0,147,440,1257,1348,96,162,NL
434,2011,MIN,1357,259,25,103,440,92.0,39.0,115.0,161,480,940,1564,63,162,AL
435,2011,NYA,1452,267,33,222,627,147.0,46.0,146.0,152,507,1222,1423,97,162,AL
436,2011,NYN,1477,309,39,108,571,130.0,35.0,112.0,147,514,1126,1482,77,162,NL
437,2011,OAK,1330,280,29,114,509,117.0,43.0,119.0,136,519,1160,1380,74,162,AL
438,2011,PHI,1409,258,38,153,539,96.0,24.0,108.0,120,404,1299,1320,102,162,NL
439,2011,PIT,1325,277,35,107,489,108.0,52.0,123.0,152,535,1031,1513,72,162,NL
440,2011,SDN,1284,247,42,91,501,170.0,44.0,105.0,125,521,1139,1324,71,162,NL
441,2011,SEA,1263,253,22,109,435,125.0,40.0,82.0,145,436,1088,1369,67,162,AL
442,2011,SFN,1327,282,24,121,448,85.0,51.0,117.0,96,559,1316,1260,86,162,NL
443,2011,SLN,1513,308,22,162,542,57.0,39.0,169.0,136,448,1098,1461,90,162,NL
444,2011,TBA,1324,273,37,172,571,155.0,62.0,101.0,161,504,1143,1263,91,162,AL
445,2011,TEX,1599,310,32,210,475,143.0,45.0,135.0,170,461,1179,1327,96,162,AL
446,2011,TOR,1384,285,34,186,525,131.0,52.0,108.0,179,540,1169,1433,81,162,AL
447,2011,WAS,1319,257,22,154,470,106.0,38.0,103.0,129,477,1049,1403,80,161,NL
448,2012,ARI,1416,307,33,165,539,93.0,51.0,108.0,155,417,1200,1432,81,162,NL
449,2012,ATL,1341,263,30,149,567,101.0,32.0,108.0,145,464,1232,1310,94,162,NL
450,2012,BAL,1375,270,16,214,480,58.0,29.0,152.0,184,481,1177,1433,93,162,AL
451,2012,BOS,1459,339,16,165,428,97.0,31.0,105.0,190,529,1176,1449,69,162,AL
452,2012,CHA,1409,228,29,211,461,109.0,43.0,112.0,186,503,1246,1365,85,162,AL
453,2012,CHN,1297,265,36,137,447,94.0,45.0,125.0,175,573,1128,1399,61,162,NL
454,2012,CIN,1377,296,30,172,481,87.0,27.0,100.0,152,427,1248,1356,97,162,NL
455,2012,CLE,1385,266,24,136,555,110.0,44.0,141.0,174,543,1086,1503,68,162,AL
456,2012,COL,1526,306,52,166,450,100.0,40.0,132.0,198,566,1144,1637,64,162,NL
457,2012,DET,1467,279,39,163,511,59.0,23.0,156.0,151,438,1318,1409,88,162,AL
458,2012,HOU,1276,238,28,146,463,105.0,46.0,114.0,173,540,1170,1493,55,162,NL
459,2012,KCA,1492,295,37,131,404,132.0,38.0,130.0,163,542,1177,1504,72,162,AL
460,2012,LAA,1518,273,22,187,449,134.0,33.0,138.0,186,483,1157,1339,89,162,AL
461,2012,LAN,1369,269,23,116,481,104.0,44.0,139.0,122,539,1276,1277,86,162,NL
462,2012,MIA,1327,261,39,137,484,149.0,41.0,114.0,133,495,1113,1448,69,162,NL
463,2012,MIL,1442,300,39,202,466,158.0,39.0,111.0,169,525,1402,1458,83,162,NL
464,2012,MIN,1448,270,30,131,505,135.0,37.0,149.0,198,465,943,1536,66,162,AL
465,2012,NYA,1462,280,13,245,565,93.0,27.0,136.0,190,431,1318,1401,95,162,AL
466,2012,NYN,1357,286,21,139,503,79.0,38.0,118.0,161,488,1240,1368,74,162,NL
467,2012,OAK,1315,267,32,195,550,122.0,32.0,97.0,147,462,1136,1360,94,162,AL
468,2012,PHI,1414,271,28,158,454,116.0,23.0,114.0,178,409,1385,1387,81,162,NL
469,2012,PIT,1313,241,37,170,444,73.0,52.0,98.0,153,490,1192,1357,79,162,NL
470,2012,SDN,1339,272,43,121,539,155.0,46.0,100.0,162,539,1205,1356,76,162,NL
471,2012,SEA,1285,241,27,149,466,104.0,35.0,95.0,166,449,1166,1359,75,162,AL
472,2012,SFN,1495,287,57,103,483,118.0,39.0,114.0,142,489,1237,1361,94,162,NL
473,2012,SLN,1526,290,37,159,533,91.0,37.0,135.0,134,436,1218,1420,88,162,NL
474,2012,TBA,1293,250,30,175,571,134.0,44.0,133.0,139,469,1383,1233,90,162,AL
475,2012,TEX,1526,303,32,200,478,91.0,44.0,121.0,175,446,1286,1378,93,162,AL
476,2012,TOR,1346,247,22,198,473,123.0,41.0,109.0,204,574,1142,1439,73,162,AL
477,2012,WAS,1468,301,25,194,479,105.0,35.0,110.0,129,497,1325,1296,98,162,NL
478,2013,ARI,1468,302,31,130,519,62.0,41.0,160.0,176,485,1218,1460,81,162,NL
479,2013,ATL,1354,247,21,181,542,64.0,31.0,119.0,127,409,1232,1326,96,162,NL
480,2013,BAL,1460,298,14,212,416,79.0,29.0,105.0,202,473,1169,1438,85,162,AL
481,2013,BOS,1566,363,29,178,581,123.0,19.0,137.0,156,524,1294,1366,97,162,AL
482,2013,CHA,1385,237,19,148,411,105.0,42.0,124.0,182,509,1249,1424,63,162,AL
483,2013,CHN,1307,297,18,172,439,63.0,32.0,120.0,160,540,1184,1332,66,162,NL
484,2013,CIN,1370,274,20,155,585,67.0,35.0,129.0,170,435,1296,1294,90,162,NL
485,2013,CLE,1391,290,23,171,562,117.0,36.0,106.0,147,554,1379,1359,92,162,AL
486,2013,COL,1511,283,36,159,427,112.0,32.0,111.0,136,517,1064,1545,74,162,NL
487,2013,DET,1625,292,23,176,531,35.0,20.0,146.0,128,462,1428,1369,93,162,AL
488,2013,HOU,1307,266,16,148,426,110.0,61.0,110.0,191,616,1084,1530,51,162,AL
489,2013,KCA,1443,254,34,112,422,153.0,32.0,131.0,155,469,1208,1366,86,162,AL
490,2013,LAA,1476,270,39,164,523,82.0,34.0,150.0,167,533,1200,1475,78,162,AL
491,2013,LAN,1447,281,17,138,476,78.0,28.0,130.0,127,460,1292,1321,92,162,NL
492,2013,MIA,1257,219,31,95,432,78.0,29.0,131.0,121,526,1177,1376,62,162,NL
493,2013,MIL,1381,238,43,157,407,142.0,50.0,116.0,175,466,1125,1401,74,162,NL
494,2013,MIN,1346,285,15,151,533,52.0,33.0,103.0,168,458,985,1591,66,162,AL
495,2013,NYA,1321,247,24,144,466,115.0,31.0,121.0,171,437,1233,1452,85,162,AL
496,2013,NYN,1318,263,32,130,512,114.0,35.0,106.0,152,458,1209,1442,74,162,NL
497,2013,OAK,1403,301,25,186,573,74.0,28.0,108.0,163,428,1183,1339,96,162,AL
498,2013,PHI,1355,255,32,140,417,73.0,29.0,131.0,152,506,1199,1465,73,162,NL
499,2013,PIT,1346,273,35,161,469,94.0,42.0,120.0,101,515,1261,1299,94,162,NL
500,2013,SDN,1349,246,26,146,467,118.0,34.0,99.0,156,525,1171,1407,76,162,NL
501,2013,SEA,1318,249,17,188,529,49.0,23.0,122.0,174,478,1297,1467,71,162,AL
502,2013,SFN,1446,280,35,107,469,67.0,26.0,131.0,145,521,1256,1380,76,162,NL
503,2013,SLN,1494,322,20,125,481,45.0,22.0,154.0,112,451,1254,1366,97,162,NL
504,2013,TBA,1421,296,23,165,589,73.0,38.0,140.0,153,482,1310,1315,92,163,AL
505,2013,TEX,1465,262,23,176,462,149.0,46.0,124.0,157,498,1309,1370,91,163,AL
506,2013,TOR,1398,273,24,185,510,112.0,41.0,133.0,195,500,1208,1451,74,162,AL
507,2013,WAS,1365,259,27,161,464,88.0,28.0,115.0,142,405,1236,1367,86,162,NL
508,2014,ARI,1379,259,47,118,398,86.0,33.0,115.0,154,469,1278,1467,64,162,NL
509,2014,ATL,1316,240,22,123,472,95.0,33.0,121.0,121,472,1301,1369,79,162,NL
510,2014,BAL,1434,264,16,211,401,44.0,20.0,112.0,151,472,1174,1342,96,162,AL
511,2014,BOS,1355,282,20,123,535,63.0,25.0,138.0,154,482,1213,1458,71,162,AL
512,2014,CHA,1400,279,32,155,417,85.0,36.0,127.0,140,557,1152,1468,73,162,AL
513,2014,CHN,1315,270,31,157,442,65.0,40.0,94.0,115,504,1311,1398,73,162,NL
514,2014,CIN,1282,254,20,131,415,122.0,52.0,88.0,163,507,1290,1282,76,162,NL
515,2014,CLE,1411,284,23,142,504,104.0,27.0,126.0,135,464,1450,1398,85,162,AL
516,2014,COL,1551,307,41,186,397,85.0,48.0,121.0,173,531,1074,1528,66,162,NL
517,2014,DET,1557,325,26,155,443,106.0,41.0,137.0,127,462,1244,1475,90,162,AL
518,2014,HOU,1317,240,19,163,495,122.0,37.0,122.0,139,484,1137,1437,70,162,AL
519,2014,KCA,1456,286,29,95,380,153.0,36.0,131.0,128,440,1168,1386,89,162,AL
520,2014,LAA,1464,304,31,155,492,81.0,39.0,112.0,126,504,1342,1307,98,162,AL
521,2014,LAN,1476,302,38,134,519,138.0,50.0,119.0,142,429,1373,1338,94,162,NL
522,2014,MIA,1399,254,36,122,501,58.0,21.0,143.0,114,458,1190,1481,77,162,NL
523,2014,MIL,1366,297,28,150,423,102.0,43.0,135.0,167,431,1246,1386,82,162,NL
524,2014,MIN,1412,316,27,128,544,99.0,36.0,97.0,147,408,1031,1588,70,162,AL
525,2014,NYA,1349,247,26,147,452,112.0,26.0,111.0,164,398,1370,1392,84,162,AL
526,2014,NYN,1306,275,19,125,516,101.0,34.0,112.0,141,509,1303,1370,79,162,NL
527,2014,OAK,1354,253,33,146,586,83.0,20.0,118.0,147,406,1244,1269,88,162,AL
528,2014,PHI,1356,251,27,125,443,109.0,26.0,94.0,134,521,1255,1396,73,162,NL
529,2014,PIT,1436,275,30,156,520,104.0,47.0,127.0,128,499,1228,1341,88,162,NL
530,2014,SDN,1199,224,30,109,468,91.0,34.0,118.0,117,462,1284,1300,77,162,NL
531,2014,SEA,1328,247,32,136,396,96.0,42.0,112.0,137,463,1317,1240,87,162,AL
532,2014,SFN,1407,257,42,132,427,56.0,27.0,113.0,133,389,1211,1305,88,162,NL
533,2014,SLN,1371,275,21,105,471,57.0,32.0,140.0,123,470,1221,1321,90,162,NL
534,2014,TBA,1361,263,24,117,527,63.0,27.0,135.0,145,482,1437,1292,77,162,AL
535,2014,TEX,1400,260,28,111,417,105.0,59.0,148.0,160,505,1110,1510,67,162,AL
536,2014,TOR,1435,282,24,177,502,78.0,21.0,128.0,151,490,1199,1400,83,162,AL
537,2014,WAS,1403,265,27,152,517,101.0,23.0,115.0,110,352,1288,1351,96,162,NL
538,2015,ARI,1494,289,48,154,490,132.0,44.0,134.0,182,500,1215,1450,79,162,NL
539,2015,ATL,1361,251,18,100,471,69.0,33.0,148.0,170,550,1148,1462,67,162,NL
540,2015,BAL,1370,246,20,217,418,44.0,25.0,127.0,174,483,1233,1406,81,162,AL
541,2015,BOS,1495,294,33,161,478,71.0,27.0,127.0,178,478,1218,1486,78,162,AL
542,2015,CHA,1381,260,27,136,404,68.0,42.0,125.0,162,474,1359,1443,76,162,AL
543,2015,CHN,1341,272,30,171,567,95.0,37.0,101.0,134,407,1431,1276,97,162,NL
544,2015,CIN,1382,257,27,167,496,134.0,38.0,112.0,177,544,1252,1436,64,162,NL
545,2015,CLE,1395,303,29,141,533,86.0,28.0,134.0,161,425,1407,1274,81,161,AL
546,2015,COL,1479,274,49,186,388,97.0,43.0,114.0,183,579,1112,1579,68,162,NL
547,2015,DET,1515,289,49,151,455,83.0,51.0,152.0,193,489,1100,1491,74,161,AL
548,2015,HOU,1363,278,26,230,486,121.0,48.0,102.0,148,423,1280,1308,86,162,AL
549,2015,KCA,1497,300,42,139,383,104.0,34.0,133.0,155,489,1160,1372,95,162,AL
550,2015,LAA,1331,243,21,176,435,52.0,34.0,116.0,166,466,1221,1355,85,162,AL
551,2015,LAN,1346,263,26,187,563,59.0,34.0,135.0,145,395,1396,1317,92,162,NL
552,2015,MIA,1420,236,40,120,375,112.0,45.0,133.0,141,508,1152,1374,71,162,NL
553,2015,MIL,1378,274,34,145,412,84.0,29.0,130.0,176,517,1260,1432,68,162,NL
554,2015,MIN,1349,277,44,156,439,70.0,38.0,133.0,163,413,1046,1506,83,162,AL
555,2015,NYA,1397,272,19,212,554,63.0,25.0,105.0,182,474,1370,1416,87,162,AL
556,2015,NYN,1351,295,17,177,488,51.0,25.0,130.0,152,383,1337,1341,90,162,NL
557,2015,OAK,1405,277,46,146,475,78.0,29.0,124.0,172,474,1179,1402,68,162,AL
558,2015,PHI,1374,272,37,130,387,88.0,32.0,119.0,191,488,1153,1592,63,162,NL
559,2015,PIT,1462,292,27,140,461,98.0,45.0,115.0,110,453,1338,1392,98,162,NL
560,2015,SDN,1324,260,36,148,426,82.0,29.0,108.0,171,516,1393,1371,74,162,NL
561,2015,SEA,1379,262,22,198,478,69.0,45.0,123.0,181,491,1283,1430,76,162,AL
562,2015,SFN,1486,288,39,136,457,93.0,36.0,142.0,155,431,1165,1344,84,162,NL
563,2015,SLN,1386,288,39,137,506,69.0,38.0,128.0,123,477,1329,1359,100,162,NL
564,2015,TBA,1383,278,32,167,436,87.0,45.0,121.0,175,477,1355,1314,80,162,AL
565,2015,TEX,1419,279,32,172,503,101.0,39.0,99.0,171,508,1095,1459,88,162,AL
566,2015,TOR,1480,308,17,232,570,88.0,23.0,140.0,173,397,1117,1353,93,162,AL
567,2015,WAS,1363,265,13,177,539,57.0,23.0,129.0,145,364,1342,1366,83,162,NL
568,2016,ARI,1479,285,56,190,463,137.0,31.0,117.0,202,603,1318,1563,69,162,NL
569,2016,ATL,1404,295,27,122,502,75.0,34.0,145.0,177,547,1227,1414,68,161,NL
570,2016,BAL,1413,265,6,253,468,19.0,13.0,119.0,183,545,1248,1408,89,162,AL
571,2016,BOS,1598,343,25,208,558,83.0,24.0,137.0,176,490,1362,1342,93,162,AL
572,2016,CHA,1428,277,33,168,455,77.0,36.0,122.0,185,521,1270,1422,78,162,AL
573,2016,CHN,1409,293,30,199,656,66.0,34.0,107.0,163,495,1441,1125,103,162,NL
574,2016,CIN,1403,277,33,164,452,139.0,51.0,129.0,258,636,1241,1457,68,162,NL
575,2016,CLE,1435,308,29,185,531,134.0,31.0,137.0,186,461,1398,1330,94,161,AL
576,2016,COL,1544,318,47,204,494,66.0,39.0,113.0,181,547,1223,1532,75,162,NL
577,2016,DET,1476,252,30,211,493,58.0,29.0,135.0,182,462,1232,1417,86,161,AL
578,2016,HOU,1367,291,29,198,554,102.0,44.0,134.0,181,453,1396,1441,84,162,AL
579,2016,KCA,1450,264,33,147,382,121.0,35.0,134.0,206,517,1287,1433,81,162,AL
580,2016,LAA,1410,279,20,156,471,73.0,34.0,147.0,208,498,1136,1480,74,162,AL
581,2016,LAN,1376,272,21,189,525,45.0,26.0,120.0,165,464,1510,1266,91,162,NL
582,2016,MIA,1460,259,42,128,447,71.0,28.0,140.0,152,595,1379,1358,79,161,NL
583,2016,MIL,1299,249,19,194,599,181.0,56.0,131.0,178,532,1175,1450,73,162,NL
584,2016,MIN,1409,288,35,200,513,91.0,32.0,96.0,221,479,1191,1617,59,162,AL
585,2016,NYA,1378,245,20,183,475,72.0,22.0,121.0,214,444,1393,1358,84,162,AL
586,2016,NYN,1342,240,19,218,517,42.0,18.0,123.0,152,439,1396,1397,87,162,NL
587,2016,OAK,1352,270,21,169,442,50.0,23.0,142.0,185,464,1188,1459,69,162,AL
588,2016,PHI,1305,231,35,161,424,96.0,45.0,112.0,213,466,1299,1468,71,162,NL
589,2016,PIT,1426,277,32,153,561,110.0,45.0,133.0,180,533,1232,1490,78,162,NL
590,2016,SDN,1275,257,26,177,449,125.0,45.0,93.0,183,569,1222,1425,68,162,NL
591,2016,SEA,1446,251,17,223,506,56.0,28.0,138.0,213,460,1318,1410,86,162,AL
592,2016,SFN,1437,280,54,130,572,79.0,36.0,120.0,158,439,1309,1334,87,162,NL
593,2016,SLN,1415,299,32,225,526,35.0,26.0,117.0,159,475,1290,1432,86,162,NL
594,2016,TBA,1333,288,32,216,449,60.0,37.0,88.0,210,491,1357,1395,68,162,AL
595,2016,TEX,1446,257,23,215,436,99.0,36.0,114.0,201,534,1154,1441,95,162,AL
596,2016,TOR,1358,276,18,221,632,54.0,24.0,153.0,183,461,1314,1340,89,162,AL
597,2016,WAS,1403,268,29,203,536,121.0,39.0,102.0,155,468,1476,1272,95,162,NL
598,2017,ARI,1405,314,39,220,578,103.0,30.0,106.0,171,516,1482,1309,93,162,NL
599,2017,ATL,1467,289,26,165,474,77.0,31.0,137.0,192,584,1258,1463,72,162,NL
600,2017,BAL,1469,269,12,232,392,32.0,13.0,138.0,242,579,1233,1505,75,162,AL
601,2017,BOS,1461,302,19,168,571,106.0,31.0,141.0,195,465,1580,1384,93,162,AL
602,2017,CHA,1412,256,37,186,401,71.0,31.0,124.0,242,632,1193,1384,67,162,AL
603,2017,CHN,1402,274,29,223,622,62.0,31.0,134.0,194,554,1439,1294,92,162,NL
604,2017,CIN,1390,249,38,219,565,120.0,39.0,116.0,248,631,1300,1442,68,162,NL
605,2017,CLE,1449,333,29,212,604,88.0,23.0,125.0,163,406,1614,1267,102,162,AL
606,2017,COL,1510,293,38,192,519,59.0,34.0,143.0,190,532,1270,1453,87,162,NL
607,2017,DET,1435,289,35,187,503,65.0,34.0,128.0,218,538,1202,1587,64,162,AL
608,2017,HOU,1581,346,20,238,509,98.0,42.0,139.0,192,522,1593,1314,101,162,AL
609,2017,KCA,1436,260,24,193,390,91.0,31.0,160.0,196,519,1216,1480,80,162,AL
610,2017,LAA,1314,251,14,186,523,136.0,44.0,141.0,224,470,1312,1373,80,162,AL
611,2017,LAN,1347,312,20,221,649,77.0,28.0,119.0,184,442,1549,1226,104,162,NL
612,2017,MIA,1497,271,31,194,486,91.0,30.0,119.0,193,627,1202,1450,77,162,NL
613,2017,MIL,1363,267,22,224,547,128.0,41.0,116.0,185,553,1346,1381,86,162,NL
614,2017,MIN,1444,286,31,206,593,95.0,28.0,105.0,224,483,1166,1487,85,162,AL
615,2017,NYA,1463,266,23,241,616,90.0,22.0,119.0,192,504,1560,1248,91,162,AL
616,2017,NYN,1379,286,28,224,529,58.0,23.0,118.0,220,593,1374,1538,70,162,NL
617,2017,OAK,1344,305,15,234,565,57.0,22.0,129.0,210,502,1202,1444,75,162,AL
618,2017,PHI,1382,287,36,174,494,59.0,25.0,128.0,221,527,1309,1471,66,162,NL
619,2017,PIT,1331,249,36,151,519,67.0,36.0,120.0,182,511,1262,1464,75,162,NL
620,2017,SDN,1251,227,31,189,460,89.0,33.0,99.0,226,554,1325,1417,71,162,NL
621,2017,SEA,1436,281,17,200,487,89.0,35.0,131.0,237,490,1244,1399,78,162,AL
622,2017,SFN,1382,290,28,128,467,76.0,34.0,136.0,182,496,1234,1515,64,162,NL
623,2017,SLN,1402,284,28,196,593,81.0,31.0,139.0,183,493,1351,1393,83,162,NL
624,2017,TBA,1340,226,32,228,545,88.0,34.0,115.0,193,503,1352,1324,80,162,AL
625,2017,TEX,1326,255,21,237,544,113.0,44.0,110.0,214,559,1107,1443,78,162,AL
626,2017,TOR,1320,269,5,222,542,53.0,24.0,153.0,203,549,1372,1460,76,162,AL
627,2017,WAS,1477,311,31,215,542,108.0,30.0,116.0,189,495,1457,1300,97,162,NL
628,2018,ARI,1283,259,50,176,560,79.0,25.0,110.0,174,522,1448,1313,82,162,NL
629,2018,ATL,1433,314,29,175,511,90.0,36.0,99.0,153,635,1423,1236,90,162,NL
630,2018,BAL,1317,242,15,188,422,81.0,22.0,132.0,234,589,1203,1552,47,162,AL
631,2018,BOS,1509,355,31,208,569,125.0,31.0,130.0,176,512,1558,1305,108,162,AL
632,2018,CHA,1332,259,40,182,425,98.0,41.0,99.0,196,653,1259,1405,62,162,AL
633,2018,CHN,1453,286,34,167,576,66.0,38.0,107.0,157,622,1333,1319,95,163,NL
634,2018,CIN,1404,251,25,172,559,77.0,33.0,128.0,228,532,1258,1491,67,162,NL
635,2018,CLE,1447,297,19,216,554,135.0,36.0,98.0,200,407,1544,1349,91,162,AL
636,2018,COL,1418,280,42,210,507,95.0,33.0,114.0,184,525,1409,1378,91,163,NL
637,2018,DET,1326,284,35,135,428,70.0,30.0,110.0,216,491,1215,1423,64,162,AL
638,2018,HOU,1390,278,18,205,565,71.0,26.0,156.0,152,435,1687,1164,103,162,AL
639,2018,KCA,1350,283,29,155,427,117.0,38.0,123.0,205,549,1157,1542,58,162,AL
640,2018,LAA,1323,249,23,214,514,89.0,22.0,111.0,205,546,1386,1353,80,162,AL
641,2018,LAN,1394,296,33,235,647,75.0,24.0,119.0,179,422,1565,1279,92,163,NL
642,2018,MIA,1303,222,24,128,455,45.0,31.0,119.0,192,605,1249,1388,63,161,NL
643,2018,MIL,1398,252,24,218,537,124.0,32.0,128.0,173,553,1428,1259,96,163,NL
644,2018,MIN,1380,318,22,166,534,47.0,27.0,89.0,198,573,1377,1425,78,162,AL
645,2018,NYA,1374,269,23,267,625,63.0,21.0,107.0,177,494,1634,1311,100,162,AL
646,2018,NYN,1282,265,34,170,566,71.0,39.0,116.0,185,484,1446,1364,77,162,NL
647,2018,OAK,1407,322,20,227,550,35.0,21.0,136.0,184,474,1237,1303,97,162,AL
648,2018,PHI,1271,241,30,186,582,69.0,26.0,102.0,171,500,1465,1366,80,162,NL
649,2018,PIT,1381,290,38,157,474,70.0,38.0,121.0,174,497,1336,1380,82,161,NL
650,2018,SDN,1289,250,30,162,471,95.0,36.0,122.0,185,519,1399,1430,66,162,NL
651,2018,SEA,1402,256,32,176,430,79.0,37.0,128.0,195,400,1328,1396,89,162,AL
652,2018,SFN,1324,255,30,133,448,77.0,34.0,113.0,156,524,1269,1387,73,162,NL
653,2018,SLN,1369,248,9,205,525,63.0,32.0,92.0,144,593,1337,1354,88,162,NL
654,2018,TBA,1415,274,43,150,540,128.0,51.0,122.0,164,501,1421,1236,90,162,AL
655,2018,TEX,1308,266,24,194,555,74.0,35.0,104.0,222,491,1121,1516,67,162,AL
656,2018,TOR,1336,320,16,217,499,47.0,30.0,118.0,208,551,1298,1476,73,162,AL
657,2018,WAS,1402,284,25,191,631,119.0,33.0,104.0,198,487,1417,1320,82,162,NL
